side1,side2,side3
79,79,79
25,50,90
62,28,35
65,7,20
28,47,75
7,36,7
74,62,64
89,89,89
63,76,33
15,97,23
53,8,42
94,94,6
86,36,45
34,48,48
52,52,52
36,59,90
92,51,95
67,75,19
74,55,85
50,8,81
21,100,78
21,21,21
11,11,53
58,100,88
67,30,58
85,20,21
38,22,22
36,35,68
83,83,83
47,24,29
52,56,82
75,45,23
25,34,49
16,16,24
99,31,38
50,50,50
93,7,90
79,67,33
20,25,14
80,26,26
12,34,22
81,36,77
64,64,64
87,82,86
31,31,50
90,98,53
29,65,93
56,54,57
49,44,99
23,23,23
85,88,35
26,98,53
96,60,60
70,31,84
84,14,44
75,75,29
27,27,27
94,79,68
73,66,26
41,57,98
75,7,71
59,40,26
29,60,39
31,31,31
28,27,94
26,17,17
35,35,21
51,75,41
17,94,40
46,16,64
36,36,36
30,48,18
53,86,84
66,69,72
91,43,50
57,95,38
28,89,41
28,28,28
46,39,39
48,16,71
25,80,68
88,59,51
98,59,10
19,67,45
84,84,84
25,85,34
23,43,15
29,14,75
37,37,80
69,65,27
8,42,26
36,36,36
86,95,9
19,58,51
18,45,79
62,32,16
18,74,35
23,52,27
9,9,9
22,22,19
42,62,84
6,32,13
9,45,99
23,72,45
42,8,8
80,80,80
80,42,97
37,59,44
41,72,75
31,70,12
46,46,74
93,13,87
30,30,30
96,9,82
61,17,68
93,21,90
31,14,61
96,13,13
82,6,94
88,88,88
28,79,99
16,16,7
99,63,24
12,97,36
97,59,97
100,94,68
16,16,16
38,68,99
95,14,84
55,69,13
44,92,92
97,66,88
12,12,47
21,21,21
55,80,14
49,25,45
92,24,57
62,26,60
8,55,87
62,68,57
19,19,19
22,30,64
57,75,32
39,39,99
55,89,67
90,24,100
15,101,61
93,93,93
63,35,71
74,32,49
28,87,15
58,31,30
20,85,12
38,60,89
15,15,15
96,59,24
47,59,59
99,80,44
9,96,25
80,24,57
18,75,92
23,23,23
6,91,7
51,66,80
39,39,66
33,33,67
82,21,56
78,9,62
62,62,62
14,29,29
99,95,15
26,99,95
36,28,31
56,21,63
42,68,50
49,49,49
56,56,35
16,73,13
51,25,97
100,50,62
28,24,65
68,55,97
28,28,28
99,21,52
81,19,67
98,42,42
23,37,46
78,78,87
54,92,83
92,92,92
85,60,82
14,55,76
64,78,65
56,84,84
64,32,74
33,92,92
16,16,16
21,39,11
32,32,62
98,54,12
92,8,41
98,61,82
9,57,68
77,77,77
39,20,17
36,24,16
26,66,34
51,64,38
34,72,72
23,23,46
27,27,27
16,95,11
18,6,26
9,71,23
7,63,48
19,73,19
75,46,44
71,71,71
91,41,72
75,74,88
25,25,41
96,98,98
55,101,42
96,10,72
69,69,69
83,23,71
38,71,57
34,60,35
37,99,40
77,72,34
15,22,12
8,8,8
101,15,97
34,101,60
13,83,83
37,17,62
99,81,96
37,71,52
36,36,36
93,65,41
15,39,36
25,54,38
21,21,22
27,59,43
13,88,54
37,37,37
55,24,40
73,29,29
7,56,78
33,78,85
24,11,90
70,18,59
98,98,98
29,29,85
10,70,72
26,51,100
48,49,34
47,91,86
27,9,50
92,92,92
84,78,78
90,96,78
11,72,66
27,87,66
44,44,98
15,97,41
51,51,51
82,21,43
63,44,100
37,36,34
65,26,68
46,78,11
13,22,57
43,43,43
16,41,36
31,31,24
43,78,46
53,62,34
62,10,89
42,22,36
49,49,49
92,36,22
65,79,13
36,20,86
96,87,13
96,80,46
101,101,14
40,40,40
89,95,7
71,53,57
44,80,84
97,76,22
82,9,20
91,97,77
88,88,88
100,7,89
40,55,63
75,75,42
98,38,50
38,27,27
58,39,70
16,16,16
28,98,54
20,57,93
44,38,41
56,61,23
15,49,58
39,63,40
37,37,37
54,81,44
93,50,70
30,11,51
19,55,55
62,69,72
38,39,30
32,32,32
30,69,44
43,31,76
6,84,54
70,70,96
56,37,91
58,15,99
44,44,44
71,76,32
29,10,85
34,39,39
62,77,7
49,95,92
65,95,27
29,29,29
63,63,85
67,66,59
76,92,82
84,10,13
98,51,53
13,28,27
19,19,19
70,89,45
29,100,100
83,68,95
12,99,84
60,60,53
86,49,42
94,94,94
86,93,18
25,100,89
35,39,36
27,45,60
38,91,88
47,65,58
94,94,94
22,9,9
25,25,75
9,82,99
48,92,50
40,59,11
88,39,87
73,73,73
74,100,37
6,19,28
95,74,27
8,70,79
15,65,65
40,40,70
76,76,76
53,35,35
40,85,81
40,8,38
85,76,76
90,75,32
75,85,53
27,27,27
19,12,41
85,97,52
75,75,44
62,29,26
21,87,81
87,39,39
74,74,74
33,16,22
29,74,13
53,6,93
14,97,76
60,66,40
86,9,34
34,34,34
39,28,14
77,98,88
81,95,14
88,60,68
15,6,6
51,36,46
86,86,86
26,17,55
31,23,69
58,79,83
92,92,15
69,42,60
94,50,79
59,59,59
33,31,98
63,40,82
90,83,30
13,25,25
57,60,87
18,66,36
18,18,18
100,100,33
39,40,67
10,6,28
99,83,20
49,7,38
31,15,69
47,47,47
36,101,81
75,33,63
32,25,25
59,71,98
35,35,30
27,81,6
38,38,38
63,67,23
72,64,69
73,95,85
53,10,55
93,89,8
61,55,92
65,65,65
23,86,41
66,66,56
45,26,94
75,57,6
60,63,28
15,42,22
19,19,19
52,6,84
75,73,59
70,39,68
94,67,56
99,67,93
85,85,72
31,31,31
56,34,34
49,60,9
11,86,76
31,58,7
83,51,48
95,64,95
91,91,91
80,49,36
36,14,33
35,35,19
70,60,52
53,47,90
93,6,21
48,48,48
97,95,32
41,45,65
64,35,61
24,83,28
34,99,39
34,68,9
10,10,10
24,34,46
18,50,16
95,27,37
42,17,99
99,61,33
28,26,26
14,14,14
40,84,51
78,12,14
60,54,70
53,53,91
63,43,9
23,67,59
71,71,71
21,95,61
77,73,21
73,48,31
29,6,65
98,63,63
31,65,74
36,36,36
95,95,90
70,41,38
30,83,65
30,61,18
31,78,12
17,88,57
98,98,98
49,99,8
100,69,68
72,76,59
22,55,55
31,31,68
89,99,64
83,83,83
39,15,75
98,86,13
87,14,23
8,95,8
93,46,38
67,12,70
10,10,10
59,48,42
46,46,48
62,21,21
12,67,95
52,22,69
69,99,72
16,16,16
24,73,82
53,55,65
101,72,43
6,33,22
35,96,51
82,82,96
17,17,17
12,49,32
29,88,88
97,18,74
18,43,62
92,61,17
88,41,93
72,72,72
51,79,47
59,80,53
6,6,79
69,17,44
45,7,90
15,50,78
48,48,48
63,64,64
30,71,94
34,9,27
69,50,88
73,11,73
55,24,79
24,24,24
47,64,12
89,17,15
65,22,44
30,63,23
15,86,31
66,41,52
90,90,90
70,64,23
13,23,65
41,76,57
28,28,91
92,27,11
94,72,44
54,54,54
89,52,60
52,25,94
8,52,43
85,48,30
37,94,63
51,85,85
60,60,60
89,89,26
22,38,83
97,98,86
27,64,16
56,36,64
75,96,11
63,63,63
22,34,35
92,37,54
76,9,97
96,52,23
75,75,21
93,26,53
43,43,43
77,75,9
33,40,73
42,99,60
92,43,63
85,24,87
45,74,33
73,73,73
98,55,79
68,68,73
51,44,12
28,24,24
20,32,89
100,14,23
30,30,30
44,8,10
18,35,72
41,98,30
23,24,57
69,12,77
55,55,9
24,24,24
26,64,49
26,73,72
62,82,82
61,97,32
34,11,69
37,35,17
81,81,81
21,46,34
27,39,101
60,60,57
60,51,77
50,79,26
79,99,6
15,15,15
100,53,101
60,31,31
89,52,88
37,64,27
80,16,29
9,29,78
15,15,15
17,24,72
64,38,36
50,17,41
81,67,61
77,63,87
101,96,81
56,56,56
26,97,97
37,98,93
75,100,47
99,99,6
76,55,34
21,60,75
20,20,20
36,19,23
85,96,33
74,69,41
13,12,38
63,49,36
88,88,29
68,68,68
97,97,19
70,29,31
31,58,42
91,38,50
77,34,17
75,84,78
51,51,51
15,87,39
8,24,49
81,82,72
88,93,16
64,64,89
64,66,66
10,10,10
65,27,69
39,50,81
49,97,13
12,51,86
81,67,44
18,41,21
101,101,101
75,91,78
18,18,53
33,62,74
18,30,79
11,59,59
38,34,7
95,95,95
17,44,12
57,70,15
9,55,87
12,39,33
86,53,89
34,34,50
95,95,95
27,55,24
26,90,23
59,49,46
49,15,15
83,70,78
91,90,15
28,28,28
62,16,15
48,68,73
40,40,57
46,26,89
67,56,12
39,36,65
52,52,52
20,43,83
43,49,58
63,84,84
101,84,15
26,40,75
52,41,83
83,83,83
60,39,65
96,40,7
12,52,97
53,51,78
63,89,37
11,62,35
97,97,97
51,88,52
67,7,7
18,98,55
13,13,36
101,44,85
15,32,91
11,11,11
47,35,64
22,16,56
71,12,99
61,81,50
87,21,20
29,93,43
68,68,68
94,94,54
49,28,71
101,49,45
50,31,97
44,56,99
61,64,68
20,20,20
73,45,39
77,54,57
100,70,31
6,59,38
50,50,96
79,56,61
47,47,47
71,79,91
62,55,46
54,18,32
90,46,90
21,83,94
57,84,74
57,57,57
73,85,75
50,50,70
21,88,74
56,84,35
17,62,20
75,97,97
58,58,58
44,44,56
9,80,98
87,32,100
43,83,24
96,24,80
90,90,21
51,51,51
83,91,29
55,70,36
76,52,41
82,27,46
19,39,39
86,93,52
60,60,60
18,95,26
12,28,90
82,82,25
77,31,26
73,34,25
91,98,65
84,84,84
29,69,14
101,11,58
87,64,13
31,69,69
53,52,97
46,33,50
70,70,70
25,74,27
22,75,10
91,49,55
50,23,48
71,79,42
32,15,19
64,64,64
29,34,93
64,93,98
99,32,32
19,19,6
10,69,84
80,51,39
92,92,92
95,81,8
50,74,60
76,22,36
51,57,62
10,14,8
39,19,44
36,36,36
22,22,70
7,67,67
77,30,50
88,11,99
83,32,28
89,37,96
73,73,73
16,81,79
100,40,87
35,87,65
22,39,52
87,87,49
64,36,8
81,81,81
97,30,30
95,15,31
14,82,54
20,14,43
48,14,90
44,11,11
40,40,40
56,65,67
54,54,35
18,90,87
66,82,18
27,43,32
100,101,10
40,40,40
37,10,81
29,47,17
29,22,64
39,53,39
91,79,26
59,59,79
64,64,64
77,38,71
54,77,30
87,89,94
31,96,58
34,70,70
89,67,67
86,86,86
93,93,21
51,14,79
78,78,88
52,99,39
16,65,15
95,48,62
47,47,47
35,84,59
31,26,18
48,45,59
28,14,83
85,70,70
74,85,94
78,78,78
43,89,37
33,100,66
59,43,47
39,71,73
49,60,71
98,15,79
56,56,56
60,94,83
101,85,30
12,8,82
99,99,34
85,67,45
29,73,46
17,17,17
101,101,61
76,93,40
65,31,50
81,76,19
43,44,14
21,38,54
85,85,85
96,96,23
99,37,46
81,70,70
29,30,73
65,32,57
90,49,96
87,87,87
72,36,17
52,22,52
37,61,33
66,48,83
31,31,69
66,54,65
12,12,12
96,82,49
61,9,9
68,27,84
43,31,81
64,81,7
64,17,22
88,88,88
39,52,33
72,72,31
93,49,70
73,84,74
26,84,13
40,90,38
80,80,80
45,59,59
65,100,78
35,63,85
40,43,76
93,32,25
77,77,69
84,84,84
58,78,69
81,85,65
12,82,75
67,101,33
95,52,21
79,43,26
23,23,23
27,45,67
94,38,58
41,41,23
28,86,21
25,98,25
10,40,68
8,8,8
85,11,82
17,90,7
68,26,72
92,57,77
59,15,70
24,32,32
7,7,7
67,71,49
76,71,81
97,10,57
60,91,50
52,61,31
91,88,81
73,73,73
74,63,64
18,8,13
51,55,19
63,63,59
63,9,9
54,36,60
69,69,69
16,76,52
98,46,43
98,64,97
67,91,47
48,35,48
62,20,97
23,23,23
44,44,47
97,46,85
45,75,20
79,96,96
88,23,75
64,49,78
98,98,98
31,77,70
84,22,65
17,44,97
69,97,89
67,67,73
7,34,94
68,68,68
73,12,27
14,61,40
73,79,79
61,36,9
52,64,97
9,17,94
49,49,49
36,63,51
56,56,53
42,40,91
55,87,38
95,32,73
90,35,26
21,21,21
70,60,81
59,43,43
100,68,8
43,63,81
35,88,42
41,41,41
80,80,80
78,9,33
60,11,76
59,79,7
49,47,93
98,8,82
27,22,59
37,37,37
80,21,21
48,95,37
49,49,84
15,72,19
101,85,17
12,35,96
36,36,36
96,34,63
43,35,14
79,21,88
83,25,26
19,56,95
56,67,37
93,93,93
48,55,20
37,46,98
92,43,11
59,14,97
10,34,6
27,63,6
19,19,19
8,72,19
69,88,39
76,70,78
82,82,74
68,45,71
87,44,44
95,95,95
100,28,67
58,92,50
11,88,68
77,70,51
100,11,48
86,38,57
97,97,97
101,101,25
94,8,15
64,12,94
91,66,89
49,91,91
101,45,15
44,44,44
98,28,82
77,37,100
22,23,77
14,63,9
30,30,9
10,11,92
22,22,22
87,98,69
35,19,86
99,96,50
47,83,83
19,22,40
30,25,99
88,88,88
38,80,22
17,17,91
32,38,38
47,94,75
79,98,93
36,93,38
37,37,37
27,84,32
71,59,14
81,88,88
72,67,77
32,74,13
97,97,96
53,53,53
56,17,97
65,47,41
51,101,39
17,86,81
47,12,24
97,15,16
83,83,83
91,90,75
90,71,71
67,67,29
66,65,33
38,83,39
12,74,51
67,67,67
88,97,68
57,10,58
73,83,37
9,8,48
90,42,63
26,66,90
12,12,12
17,77,77
95,101,100
56,25,67
61,64,96
85,56,57
91,72,44
19,19,19
11,21,88
46,82,88
26,69,88
50,50,36
12,98,75
72,61,18
48,48,48
85,15,22
96,95,32
30,71,16
12,36,7
14,50,45
35,50,54
51,51,51
99,99,35
23,55,77
14,16,64
63,32,59
32,21,45
96,41,41
38,38,38
47,62,99
62,95,33
100,24,97
33,93,36
100,100,22
8,67,80
96,96,96
101,54,44
34,75,38
100,62,45
93,54,93
74,72,72
94,77,14
19,19,19
51,31,11
60,60,35
18,67,48
31,27,26
54,75,12
53,85,43
72,72,72
50,80,79
52,85,92
61,90,55
63,70,70
12,12,71
70,70,41
18,18,18
57,18,91
61,38,7
44,62,71
26,73,32
80,24,77
19,93,34
101,101,101
26,6,34
78,17,25
47,47,39
90,11,33
51,12,90
40,71,75
24,24,24
30,46,60
57,67,7
65,20,47
84,72,50
79,96,91
17,76,36
51,51,51
63,86,95
8,16,16
77,9,23
51,24,25
86,58,51
88,73,87
65,65,65
71,8,100
28,72,48
28,97,37
62,62,8
12,79,51
101,47,15
62,62,62
62,78,78
47,47,81
6,22,93
34,33,51
29,60,26
18,14,37
22,22,22
57,57,65
9,44,45
49,76,51
43,76,8
100,97,83
71,18,11
41,41,41
27,75,84
75,30,33
78,60,52
35,63,83
65,65,17
28,24,74
90,90,90
13,99,87
93,26,59
79,50,25
42,23,22
58,51,93
72,13,13
72,72,72
50,48,29
12,12,12
41,89,92
95,56,99
97,76,32
77,99,89
7,7,7
67,96,83
92,97,46
90,22,72
11,40,70
79,80,80
57,57,24
69,69,69
15,91,77
7,65,16
67,41,68
60,40,20
66,79,92
56,71,41
17,17,17
13,20,50
15,55,67
10,10,15
38,95,95
24,16,37
9,89,50
96,96,96
63,56,89
101,13,43
9,15,55
11,21,23
69,32,38
38,17,17
75,75,75
40,87,53
37,16,48
19,66,66
27,11,69
25,62,62
58,45,62
26,26,26
11,56,92
98,99,57
84,88,64
35,35,46
19,45,32
74,57,10
78,78,78
79,32,85
61,27,27
45,64,100
32,68,39
14,27,39
20,40,71
72,72,72
37,37,37
65,59,82
41,25,71
96,45,30
75,49,7
77,83,98
56,56,56
50,41,41
54,80,92
65,15,71
49,6,38
68,68,98
49,89,79
37,37,37
86,40,42
91,100,91
29,101,56
48,56,77
12,14,89
61,59,36
70,70,70
28,71,75
39,39,75
33,38,26
24,38,27
68,88,79
76,53,40
96,96,96
91,22,14
55,35,38
21,41,18
21,19,7
58,35,101
72,72,29
77,77,77
65,60,95
20,63,30
86,39,25
55,77,87
35,75,99
39,52,72
44,44,44
8,88,83
10,97,50
95,95,92
95,92,30
28,90,90
88,20,62
88,88,88
25,38,20
17,30,31
78,84,100
54,25,78
97,62,67
92,87,51
18,18,18
83,91,10
38,17,94
33,58,24
49,100,100
7,73,32
80,58,15
32,32,32
90,30,70
39,37,83
69,33,75
88,88,30
24,30,22
73,39,77
80,80,80
87,8,36
20,78,51
36,95,95
6,48,62
97,76,90
87,48,66
19,19,19
38,38,59
84,29,25
82,37,19
13,23,41
45,36,46
82,15,63
90,90,90
81,44,28
63,59,59
66,67,67
72,75,40
81,81,55
43,91,13
9,9,9
73,33,47
61,54,39
27,24,30
28,51,66
45,11,85
97,34,31
13,13,13
67,54,54
90,90,78
44,84,79
85,7,86
22,16,87
21,40,18
17,17,17
66,84,75
50,12,63
23,100,87
57,93,84
18,18,46
88,88,29
46,46,46
92,75,25
74,64,82
97,61,71
72,33,97
73,45,66
12,83,40
19,19,19
89,71,36
70,85,36
53,53,86
83,69,35
59,80,36
39,77,77
41,41,41
87,99,25
94,44,37
46,62,45
53,35,10
42,35,51
83,28,89
50,50,50
92,40,71
55,57,26
83,64,32
88,100,72
7,59,59
14,55,23
16,16,16
14,66,98
97,100,71
42,99,72
32,32,96
34,22,9
56,14,49
78,78,78
69,69,57
31,59,18
75,16,66
50,20,20
43,18,90
39,90,27
53,53,53
49,49,73
14,24,100
25,16,52
21,76,89
31,84,72
40,8,20
7,7,7
78,64,40
91,46,11
21,49,49
43,26,47
71,71,29
18,91,47
86,86,86
92,11,34
60,60,15
47,28,95
79,15,91
86,36,24
76,45,9
41,41,41
79,40,67
66,66,22
101,30,40
43,21,60
35,25,10
79,59,12
12,12,12
41,30,89
100,15,83
7,33,31
82,27,9
88,22,91
86,86,45
39,39,39
96,37,37
68,58,72
62,70,16
72,9,30
34,15,73
50,88,9
82,82,82
32,83,75
95,35,53
92,92,41
68,76,92
93,30,55
42,7,83
60,60,60
62,25,13
30,21,9
76,36,18
100,41,60
82,101,87
95,34,53
14,14,14
35,83,44
8,31,97
97,64,62
80,26,46
88,88,78
93,24,24
77,77,77
37,56,77
54,12,57
20,16,67
50,50,64
90,55,18
77,62,78
59,59,59
58,93,94
92,78,90
11,39,72
95,14,46
25,99,99
30,99,41
47,47,47
94,94,20
17,99,101
71,70,31
93,36,38
84,20,32
78,52,17
43,43,43
25,82,41
49,23,50
57,10,72
91,95,95
90,90,16
42,76,28
29,29,29
54,51,44
30,8,46
80,61,30
37,92,70
56,90,88
75,39,26
33,33,33
18,86,100
38,38,65
18,53,53
63,49,85
52,36,60
98,99,39
9,9,9
45,65,49
40,65,56
85,81,68
83,78,75
90,88,74
30,30,61
31,31,31
72,99,37
93,33,33
47,14,84
20,58,49
78,31,45
93,32,71
20,20,20
46,58,88
66,68,96
71,71,42
79,79,29
78,52,38
16,57,85
14,14,14
55,94,94
11,9,34
70,7,66
81,26,64
53,97,70
51,93,68
17,17,17
27,82,6
25,67,63
37,52,84
37,30,84
98,89,99
67,15,67
12,12,12
79,37,101
15,73,15
96,26,24
85,85,72
29,24,95
23,101,78
90,90,90
75,83,21
12,56,101
54,25,42
49,80,8
48,13,21
71,30,30
41,41,41
37,37,56
88,21,53
15,16,37
94,96,16
27,35,63
54,74,76
90,90,90
94,68,33
35,53,34
33,53,8
39,43,72
26,26,23
11,21,12
78,78,78
44,22,49
65,79,101
94,98,42
15,37,11
68,98,80
42,11,64
99,99,99
6,52,85
55,55,99
7,49,69
19,73,73
57,46,47
8,72,90
42,42,42
49,31,84
82,58,51
98,16,7
40,30,36
101,49,77
39,39,67
69,69,69
36,6,68
85,74,8
30,38,38
22,100,55
32,55,9
8,61,58
37,37,37
39,73,78
91,54,67
81,81,96
78,99,81
12,63,35
10,61,30
12,12,12
78,12,90
51,92,92
97,73,13
9,97,43
70,66,45
71,89,36
81,81,81
92,85,28
8,26,59
9,97,39
96,36,58
61,89,19
85,63,47
41,41,41
18,24,24
7,82,95
78,9,19
24,24,37
37,31,90
96,43,40
22,22,22
69,35,76
39,96,40
22,36,10
77,21,93
97,90,63
79,55,20
10,10,10
51,51,13
7,71,12
68,28,13
84,98,65
7,87,79
63,81,75
11,11,11
65,63,14
46,53,37
32,38,54
98,70,70
32,32,54
70,6,6
54,54,54
20,96,8
10,56,39
84,10,46
32,75,59
15,27,10
54,35,35
88,88,88
30,25,23
24,24,42
76,32,25
86,26,39
64,31,31
31,42,55
55,55,55
24,7,29
92,42,77
55,83,21
35,34,64
53,86,81
17,17,12
38,38,38
72,59,64
16,6,15
25,36,78
12,75,75
41,77,85
13,93,85
86,86,86
87,83,6
51,41,77
7,7,54
69,63,26
62,27,80
51,56,46
93,93,93
55,31,75
89,31,32
16,84,84
16,76,27
76,21,66
68,99,31
67,67,67
101,86,17
80,47,12
60,53,61
58,63,13
83,63,48
91,28,91
55,55,55
13,52,29
95,63,63
96,77,58
22,22,78
54,71,69
65,56,66
12,12,12
11,88,96
11,12,19
67,91,19
77,69,26
67,70,30
85,76,45
81,81,81
45,45,82
17,31,11
101,43,41
59,17,61
48,65,96
14,59,18
77,77,77
36,12,73
68,97,12
53,90,15
87,52,18
26,26,79
49,100,89
31,31,31
71,99,92
61,69,44
10,78,51
62,44,93
40,64,63
96,20,100
79,79,79
83,17,92
53,53,96
86,36,51
49,24,6
60,76,62
72,78,78
84,84,84
28,20,24
61,58,48
65,25,14
24,29,84
63,87,35
64,64,17
24,24,24
74,16,28
66,100,85
58,76,83
101,54,68
65,25,25
46,90,58
89,89,89
20,89,86
88,69,25
17,17,51
88,12,21
51,73,54
47,34,22
73,73,73
44,95,70
24,8,22
54,37,51
32,89,89
78,88,10
14,51,68
6,6,6
8,76,69
36,17,70
32,87,18
95,100,95
17,86,99
79,17,61
87,87,87
63,18,97
60,67,91
68,28,28
101,101,90
46,58,28
48,32,47
9,9,9
40,82,89
93,88,7
22,91,24
70,77,45
91,10,14
89,37,95
88,88,88
46,46,89
18,75,75
35,25,91
23,19,44
44,52,81
98,14,44
98,98,98
69,79,52
11,49,60
62,61,66
34,21,27
67,67,97
8,48,33
61,61,61
12,63,63
15,59,9
57,71,61
84,69,33
32,47,83
85,86,6
73,73,73
11,11,65
34,34,48
28,25,36
18,38,22
97,76,13
68,64,90
26,26,26
92,31,75
18,100,30
83,46,96
93,44,75
82,68,11
25,25,82
84,84,84
55,49,22
56,83,86
69,92,18
7,8,65
94,99,69
91,72,72
90,90,90
25,69,23
38,23,68
21,21,94
77,92,61
43,65,37
58,58,75
27,27,27
89,8,40
16,14,99
55,14,65
82,83,93
50,9,9
74,23,18
96,96,96
92,91,6
30,66,95
96,32,52
47,75,69
60,55,88
79,34,36
18,18,18
54,93,51
55,71,37
31,55,53
55,55,40
95,99,70
35,100,23
83,83,83
84,27,94
86,79,52
10,58,61
34,71,70
96,57,100
53,16,60
75,75,75
25,25,65
18,65,67
26,73,73
21,8,7
101,53,39
55,9,53
54,54,54
88,17,51
40,97,38
33,30,97
52,48,59
14,14,51
52,77,100
89,89,89
97,52,77
89,37,37
18,61,66
84,78,29
77,34,18
50,30,88
79,79,79
100,74,64
50,50,39
49,27,38
9,18,40
55,40,9
71,41,39
91,91,91
25,96,96
59,81,50
47,41,86
13,80,59
12,34,88
26,26,27
59,59,59
44,55,95
57,63,26
92,94,65
49,35,15
49,62,36
64,100,60
58,58,58
25,85,55
80,53,31
45,45,69
74,83,9
25,32,28
47,16,57
62,62,62
14,51,31
26,81,57
16,72,10
22,55,46
66,22,29
31,53,53
81,81,81
45,11,18
79,44,70
100,52,14
43,62,41
7,51,81
48,68,68
100,100,100
25,30,42
31,64,63
93,73,99
9,9,8
7,10,10
80,82,19
100,100,100
94,82,17
35,97,65
58,38,80
9,65,21
36,33,68
16,97,98
49,49,49
6,6,40
23,19,80
56,49,46
51,56,56
63,69,32
50,63,9
93,93,93
96,6,56
87,29,28
81,10,32
74,7,82
93,93,20
50,30,23
55,55,55
39,60,62
56,83,35
57,22,22
11,90,26
29,58,75
58,96,51
7,7,7
36,14,11
6,6,76
94,9,54
76,10,39
76,45,73
18,94,59
77,77,77
66,7,12
56,91,91
89,30,23
61,72,100
98,36,72
93,93,83
65,65,65
29,29,57
101,79,33
57,68,98
77,59,11
81,62,99
12,35,67
93,93,93
84,61,61
85,10,72
76,76,70
43,83,14
11,43,50
44,62,81
21,21,21
11,97,59
68,20,47
11,70,23
63,82,85
33,73,94
38,58,82
52,52,52
92,59,79
70,85,81
17,24,12
87,59,89
86,60,69
57,58,84
48,48,48
86,74,16
20,15,16
33,94,25
76,76,48
52,86,98
81,78,78
27,27,27
61,20,36
18,55,89
71,30,56
95,69,25
71,20,93
13,77,94
96,96,96
88,88,6
21,38,69
75,18,77
42,30,101
19,95,95
51,84,73
31,31,31
11,14,49
37,39,92
30,35,87
84,54,59
56,56,43
29,80,101
86,86,86
69,37,51
96,37,91
36,75,88
48,95,95
14,95,9
7,14,7
86,86,86
47,85,9
41,41,77
59,73,95
52,66,57
72,79,90
75,78,62
12,12,12
41,78,10
83,95,101
95,12,12
81,99,88
18,47,41
30,30,91
92,92,92
93,77,81
7,60,65
34,40,92
96,30,44
38,97,84
101,68,23
37,37,37
93,77,65
89,45,45
65,65,67
11,62,97
69,99,71
44,6,61
75,75,75
23,80,50
90,15,11
14,46,48
93,72,60
8,25,80
41,16,66
92,92,92
35,31,31
22,92,101
67,75,14
78,98,99
41,41,42
79,15,41
51,51,51
93,12,72
70,86,56
91,84,28
65,65,29
68,85,71
51,78,12
32,32,32
22,52,51
32,39,32
22,14,29
49,6,23
68,17,47
52,85,20
16,16,16
23,23,14
91,61,65
7,53,22
98,41,88
31,98,78
52,86,86
79,79,79
88,56,16
24,97,62
6,50,99
99,87,87
44,44,96
22,28,49
75,75,75
57,94,42
46,99,19
17,56,73
31,49,39
53,16,16
42,82,83
11,11,11
45,80,61
38,38,45
79,47,50
78,74,46
83,23,47
47,9,77
34,34,34
68,46,44
54,83,41
88,81,74
101,61,61
20,28,41
44,44,19
7,7,7
49,11,19
59,77,20
62,44,50
49,82,66
43,86,32
90,13,32
45,45,45
45,48,16
32,21,83
25,25,19
57,90,50
99,51,47
97,97,15
41,41,41
100,6,74
22,47,12
60,92,67
14,14,81
89,99,55
55,18,41
22,22,22
12,84,87
94,58,58
31,11,65
95,42,38
61,28,78
67,61,59
45,45,45
45,63,35
53,48,6
36,100,60
98,98,78
52,39,16
52,26,96
43,43,43
39,27,27
22,71,65
60,12,74
6,26,84
83,58,98
61,31,31
63,63,63
65,65,8
95,23,54
78,54,32
51,51,97
97,73,49
99,74,88
37,37,37
85,25,23
78,42,58
86,87,57
50,47,40
65,65,23
70,10,81
70,70,70
99,74,70
21,60,97
26,7,8
19,75,50
14,82,82
12,69,69
21,21,21
42,73,41
45,45,100
75,88,71
83,20,17
30,8,44
48,9,65
51,51,51
58,63,16
26,81,68
64,79,13
73,79,25
44,87,87
88,88,48
8,8,8
25,95,84
8,58,64
73,33,30
33,53,86
61,94,42
94,89,9
26,26,26
50,28,68
61,57,58
99,99,12
78,78,78
37,27,44
82,26,23
73,73,73
22,55,48
59,14,70
16,24,46
82,93,10
47,68,70
33,63,25
13,13,13
65,23,22
97,55,17
76,15,15
43,33,84
42,34,98
82,64,88
35,35,35
24,60,22
7,7,44
34,44,46
20,20,64
73,24,79
71,41,49
46,46,46
39,8,19
33,58,58
10,79,14
88,43,96
93,8,38
67,14,53
12,12,12
94,94,17
42,31,91
43,25,98
81,18,16
81,35,17
35,28,72
78,78,78
53,15,15
74,47,65
43,96,17
28,13,14
26,26,58
101,39,11
23,23,23
24,25,95
20,36,54
38,12,74
50,30,39
49,47,95
52,73,50
73,73,73
59,60,49
93,93,79
51,76,74
98,96,20
37,61,23
90,22,47
34,34,34
21,67,44
87,32,99
71,38,27
6,90,24
88,71,16
81,81,28
80,80,80
25,31,51
11,7,17
37,84,32
60,84,92
69,90,69
82,63,77
13,13,13
65,34,78
9,25,101
88,88,39
97,96,36
89,33,33
23,9,34
68,68,68
78,72,90
65,63,80
27,77,22
15,101,31
43,7,22
90,53,85
32,32,32
9,75,17
52,20,40
83,83,81
20,66,66
15,95,34
99,59,89
73,73,73
27,88,56
31,47,15
85,86,90
17,17,81
79,79,74
77,23,27
44,44,44
47,44,101
98,68,82
28,14,14
21,37,52
61,73,55
23,34,17
22,22,22
101,101,57
8,48,33
21,94,19
66,29,65
38,36,91
18,66,98
11,11,11
22,62,47
60,51,51
52,90,44
96,96,36
49,49,24
94,66,27
94,94,94
14,79,40
72,22,68
87,17,28
33,68,58
12,81,84
32,10,47
93,93,93
71,79,79
76,76,22
46,25,47
21,7,69
28,10,72
85,22,65
48,48,48
99,75,32
21,31,41
70,37,46
67,7,76
15,56,101
81,81,77
20,20,20
43,67,75
14,89,84
101,23,7
39,88,83
70,9,30
14,16,52
81,81,81
101,81,14
72,8,66
85,85,98
34,71,49
40,39,66
90,93,93
83,83,83
86,71,29
65,60,41
22,64,65
27,85,101
22,52,85
41,31,59
15,15,15
30,101,55
74,38,24
26,48,61
11,69,90
99,96,96
19,35,85
64,64,64
8,17,48
44,32,82
11,44,19
38,38,64
55,17,81
28,77,98
27,27,27
14,101,55
18,32,24
29,69,89
88,93,93
71,82,75
80,78,43
89,89,89
58,58,7
48,56,95
95,51,36
61,44,59
13,15,98
50,87,91
10,10,10
13,94,56
9,69,50
54,42,42
15,92,41
47,47,24
52,83,86
22,22,22
6,63,78
49,70,91
17,69,29
42,36,34
91,58,18
54,80,12
45,45,45
58,28,18
16,16,87
80,42,64
51,85,12
28,10,91
93,17,32
100,100,100
54,46,30
38,78,40
12,71,84
12,69,34
24,99,47
21,21,77
28,28,28
12,77,77
59,53,33
76,86,6
69,97,88
78,39,100
10,11,37
47,47,47
59,67,87
91,46,16
13,13,30
71,20,30
24,69,56
32,42,70
101,101,101
72,68,101
81,83,14
39,83,48
14,20,55
64,12,72
17,27,6
31,31,31
79,45,39
51,16,39
12,9,46
40,20,82
55,32,18
9,33,33
44,44,44
98,14,47
56,63,15
56,57,64
81,81,81
16,26,76
24,58,36
43,43,43
50,67,44
88,16,19
12,11,39
28,94,64
8,51,51
31,14,74
15,15,15
93,93,53
9,90,69
89,52,89
39,97,55
83,18,17
6,18,40
75,75,75
49,50,73
101,7,18
56,60,52
54,73,73
86,86,75
57,90,25
83,83,83
96,94,19
53,22,34
40,70,47
31,75,77
41,10,99
56,93,57
49,49,49
81,78,21
32,32,36
17,76,76
98,67,33
39,72,51
74,19,89
56,56,56
58,60,26
63,90,81
61,74,29
66,17,54
38,101,95
50,50,9
69,69,69
59,30,26
66,86,86
75,36,87
35,57,91
32,48,63
82,93,92
48,48,48
44,85,95
101,59,55
33,33,75
88,88,82
72,97,27
14,25,36
28,28,28
30,93,93
31,11,58
16,83,97
40,96,79
98,70,99
95,89,31
79,79,79
7,85,76
12,69,91
85,83,35
30,53,35
61,71,38
97,95,41
24,24,24
16,6,11
15,63,59
29,41,26
38,38,49
21,78,48
35,95,68
11,11,11
83,71,12
63,90,55
33,41,60
69,19,55
66,70,67
68,52,52
68,68,68
101,101,42
10,64,91
100,9,79
90,83,97
45,9,14
77,39,19
96,96,96
20,66,60
32,76,29
8,49,91
33,65,86
31,31,82
19,80,27
51,51,51
8,100,71
57,63,42
96,86,47
7,97,30
24,63,34
71,89,23
66,66,66
87,8,64
34,34,63
40,62,27
84,41,41
98,13,9
42,16,46
39,39,39
29,64,97
72,71,32
71,27,13
54,36,47
66,73,12
80,80,89
97,97,97
71,62,50
38,45,68
13,96,96
49,72,84
62,78,15
13,11,97
92,92,92
10,43,74
73,49,93
61,61,13
11,69,59
16,89,82
36,37,48
43,43,43
15,90,45
55,71,71
30,80,32
94,28,24
39,88,55
7,83,61
96,96,96
7,100,89
41,94,30
61,62,30
78,32,26
77,32,84
13,87,95
23,23,23
71,99,99
16,95,58
56,59,38
39,39,50
32,13,100
40,36,87
60,60,60
31,44,99
83,10,26
8,74,72
31,20,18
17,32,34
100,70,68
97,97,97
22,22,56
17,70,73
7,88,52
30,52,13
56,36,16
55,97,75
45,45,45
53,11,7
51,9,64
55,46,80
79,79,99
97,97,29
42,21,21
19,19,19
58,75,80
100,76,7
57,44,38
33,56,95
62,90,12
14,61,68
53,53,53
80,19,84
28,28,81
57,20,60
26,95,87
91,15,15
21,16,34
25,25,25
47,46,46
43,86,88
55,77,83
57,73,37
45,27,11
51,51,38
46,46,46
65,78,63
51,79,44
83,53,74
7,47,47
81,19,99
23,12,45
87,87,87
91,8,34
29,77,41
86,86,97
34,26,70
98,69,47
10,77,90
56,56,56
70,18,16
43,100,79
78,21,21
38,30,23
13,29,76
88,99,76
72,72,72
82,18,28
70,53,11
8,65,74
36,35,49
47,95,74
82,40,75
6,6,6
21,77,100
73,56,56
34,12,49
55,55,16
72,94,100
12,63,100
78,78,78
14,77,32
95,84,27
24,57,74
78,95,22
97,30,45
64,93,91
25,25,25
82,82,71
95,85,80
58,37,19
100,9,19
46,57,93
78,42,55
35,35,35
30,34,101
91,41,91
40,26,32
94,94,30
17,17,20
98,17,60
59,59,59
31,36,98
26,50,91
63,88,62
22,40,89
51,20,34
37,87,98
8,8,8
30,23,49
61,61,98
52,95,60
35,33,23
38,24,35
33,74,74
10,10,10
9,79,30
20,96,70
89,7,85
25,80,33
41,25,72
52,52,25
9,9,9
71,57,13
67,68,78
62,79,92
64,24,30
8,41,41
16,82,75
43,43,43
31,68,92
85,24,40
20,20,25
44,47,12
74,43,81
53,53,27
54,54,54
64,39,17
63,13,46
30,31,46
87,88,88
26,44,47
52,55,12
17,17,17
49,14,69
47,43,24
31,84,58
99,95,59
87,15,12
76,92,47
26,26,26
64,63,14
31,64,80
67,40,40
64,64,22
90,42,77
28,57,76
7,7,7
26,47,18
14,60,56
86,79,62
26,55,84
94,40,65
54,70,53
16,16,16
41,41,86
17,72,72
45,62,65
72,89,26
20,51,79
91,58,72
52,52,52
39,88,77
60,52,10
67,36,33
52,7,53
40,40,40
22,44,52
57,57,57
87,36,36
91,59,55
96,42,6
60,10,90
28,30,43
48,53,53
32,32,32
59,42,52
36,36,83
78,16,56
47,74,90
85,9,42
51,100,64
42,42,42
18,81,19
79,8,66
9,56,84
43,19,36
69,66,28
33,33,95
90,90,90
97,72,48
90,63,38
50,79,85
33,20,91
24,82,91
74,13,13
23,23,23
38,52,58
73,67,54
48,48,90
14,7,32
48,93,19
25,83,55
96,96,96
92,7,60
20,62,32
85,83,101
101,80,21
44,81,81
12,49,27
32,32,32
31,26,75
44,93,38
66,101,66
92,12,28
88,21,97
89,40,53
16,16,16
98,72,46
92,35,77
98,56,11
17,17,81
60,37,89
59,68,14
66,66,66
69,77,96
100,27,92
10,64,48
101,92,30
82,12,19
56,85,52
74,74,74
87,87,76
27,11,9
19,72,72
84,20,92
83,8,27
82,58,18
19,19,19
9,52,11
34,84,92
97,28,33
82,78,98
80,80,95
31,78,64
73,73,73
61,54,89
61,14,14
30,9,97
63,25,23
80,25,91
47,35,7
33,33,33
40,45,90
31,31,45
29,101,23
8,30,65
101,98,48
34,78,22
93,93,93
83,19,19
23,13,61
67,50,82
61,67,97
31,77,84
88,88,87
58,58,58
41,6,15
59,69,10
10,43,45
65,80,25
66,42,73
98,46,35
72,72,72
19,10,56
39,41,52
61,61,99
36,17,50
85,40,51
21,27,20
35,35,35
75,101,28
62,36,35
29,46,11
38,62,63
21,86,84
76,92,92
37,37,37
36,66,16
84,34,60
98,68,81
84,8,8
47,62,53
37,51,65
19,19,19
98,37,95
31,35,79
46,67,72
80,80,44
49,96,96
96,19,82
67,67,67
83,89,24
87,16,88
77,84,88
53,82,59
89,15,47
12,98,82
75,75,75
25,25,53
63,89,40
56,23,50
45,39,39
63,82,62
35,64,55
62,62,62
21,35,73
70,86,42
45,45,34
90,92,70
32,32,42
19,86,47
22,22,22
25,65,99
12,29,38
57,86,86
9,32,6
34,14,78
49,26,93
73,73,73
41,45,55
60,60,101
46,54,42
45,10,24
37,25,37
77,40,66
99,99,99
97,49,38
11,47,47
43,43,82
60,59,61
91,83,6
12,12,65
54,54,54
50,23,74
97,64,10
41,40,67
88,78,96
40,20,9
38,77,91
69,69,69
13,93,93
25,21,53
88,88,73
10,29,51
16,57,87
88,68,8
50,50,50
40,98,65
64,45,43
43,92,33
84,58,71
29,26,25
86,84,99
100,100,100
31,78,9
75,77,14
95,9,6
19,57,55
78,9,86
17,26,74
69,69,69
48,98,95
91,22,46
66,57,15
55,55,58
56,39,50
37,74,74
16,16,16
66,74,57
14,53,19
52,7,72
85,38,29
97,19,67
10,22,98
18,18,18
82,82,7
85,28,13
80,79,19
93,25,18
84,41,41
60,93,20
60,60,60
17,35,57
53,6,81
13,94,73
21,60,41
37,37,88
84,61,57
24,24,24
93,26,19
62,57,55
46,29,53
94,56,56
90,51,22
52,84,91
85,85,85
13,67,87
51,51,13
99,78,24
66,51,42
23,62,9
49,13,66
86,86,86
7,64,15
59,86,61
75,27,27
86,68,82
64,63,85
22,22,90
101,101,101
66,15,67
50,42,29
96,101,20
54,9,77
99,97,9
14,79,72
60,60,60
30,38,30
40,12,12
98,98,37
7,76,42
39,87,33
98,93,62
30,30,30
86,88,41
56,80,20
40,89,59
42,64,56
47,18,97
20,69,68
88,88,88
55,66,66
23,21,67
85,64,90
52,50,88
71,29,27
65,84,70
77,77,77
65,61,80
42,52,71
98,53,88
43,43,70
58,97,11
18,75,92
6,6,6
84,56,33
98,31,11
66,51,100
40,27,57
50,74,39
13,86,45
44,44,44
13,13,60
86,61,54
93,26,67
90,88,8
100,74,12
35,73,73
46,46,46
14,54,37
45,73,86
31,49,10
61,99,7
56,56,28
78,97,69
84,84,84
47,89,23
73,96,14
77,89,70
38,94,58
39,61,61
50,69,27
40,40,40
83,42,8
97,97,9
29,82,6
9,95,71
47,97,23
48,44,11
35,35,35
74,42,35
25,10,42
74,56,16
47,23,23
13,6,19
49,49,14
84,84,84
90,13,49
9,48,10
24,22,16
73,40,47
9,15,90
48,50,78
19,19,19
63,21,69
29,81,17
42,42,53
83,29,25
71,74,75
78,60,23
38,38,38
84,57,90
82,27,87
56,95,94
24,13,74
55,9,100
75,57,55
98,98,98
67,85,49
53,100,100
42,7,44
86,41,85
90,34,93
93,71,34
73,73,73
7,36,91
100,85,41
9,101,36
61,61,60
51,41,88
73,26,25
86,86,86
23,53,53
53,20,26
10,70,29
49,52,39
31,39,80
87,96,36
98,98,98
55,55,47
73,31,99
15,42,72
65,47,33
27,37,61
81,87,96
30,30,30
80,65,96
100,51,91
35,80,12
10,65,22
24,24,7
31,87,96
22,22,22
19,46,52
49,65,21
10,36,41
96,10,12
71,91,8
49,85,85
68,68,68
12,101,30
45,45,98
23,90,59
35,97,77
92,69,54
44,57,97
56,56,56
23,31,72
90,72,96
48,62,26
55,25,11
30,23,23
59,59,29
72,72,72
9,93,88
13,65,65
70,21,90
63,24,48
31,61,72
10,27,76
15,15,15
98,24,62
94,55,23
42,42,18
46,54,54
89,21,27
42,6,19
33,33,33
86,7,33
64,47,94
72,38,16
69,35,59
89,13,67
54,53,38
85,85,85
60,22,58
35,56,61
99,22,22
81,93,41
59,51,26
101,47,82
89,89,89
37,15,47
57,65,56
62,29,31
52,52,34
30,97,18
98,70,44
75,75,75
77,20,10
33,85,85
42,9,9
37,13,18
90,29,86
69,28,98
80,80,80
59,59,31
93,42,63
14,66,77
81,95,94
88,75,72
86,66,71
86,86,86
55,35,35
13,32,37
92,28,82
16,98,93
50,50,98
16,35,37
12,12,12
69,101,73
35,90,30
26,99,12
94,14,66
74,49,78
62,61,50
94,94,94
58,57,89
77,77,84
79,26,65
91,69,69
92,93,30
67,90,44
100,100,100
27,55,22
11,54,96
24,61,78
43,100,75
43,98,27
92,92,38
96,96,96
59,36,33
46,59,69
36,71,8
76,61,43
85,59,91
6,55,96
47,47,47
87,42,19
7,90,40
53,53,80
8,42,57
50,17,17
16,94,67
94,94,94
40,55,18
52,13,50
17,6,63
27,7,42
46,59,84
98,71,77
10,10,10
58,50,73
47,42,17
54,87,18
93,62,62
96,67,65
13,38,15
82,82,82
37,69,38
72,55,95
18,41,42
92,92,15
93,46,6
49,63,49
6,6,6
23,7,39
47,69,61
35,52,52
24,96,101
24,65,54
48,60,66
91,91,91
32,32,99
80,95,73
78,18,6
24,24,21
40,27,63
91,90,37
40,40,40
41,94,20
88,30,30
77,18,76
99,38,16
55,55,95
88,98,39
37,37,37
44,58,78
30,62,56
95,81,35
10,32,6
80,60,75
38,15,36
85,85,85
76,24,24
10,10,18
23,12,32
64,87,19
24,17,91
57,50,8
97,97,97
98,55,91
65,92,46
28,89,82
63,63,36
33,96,45
9,9,35
37,37,37
28,10,37
60,20,10
12,86,51
72,98,59
28,101,36
25,36,80
75,75,75
74,62,72
94,10,100
13,13,50
35,68,87
64,96,71
21,85,85
95,95,95
21,68,80
42,87,40
98,24,7
16,36,99
95,74,77
17,54,62
39,39,39
23,10,21
39,22,64
65,66,10
26,58,78
74,66,66
17,6,11
46,46,46
73,83,33
37,47,59
66,39,87
89,89,31
54,62,82
80,90,80
51,51,51
64,56,72
45,10,49
24,42,93
15,22,22
14,35,57
100,25,16
68,68,68
13,13,20
23,100,44
87,64,29
82,51,34
38,33,57
101,57,65
43,43,43
39,14,93
75,54,61
64,93,93
45,97,97
13,13,56
85,95,49
55,55,55
87,93,56
64,31,48
19,64,38
69,51,101
30,87,74
59,56,19
36,36,36
99,20,47
49,49,35
80,55,90
39,55,77
71,69,95
89,26,44
27,27,27
76,91,44
100,92,86
22,68,26
77,36,88
24,70,98
89,89,50
51,51,51
26,100,100
29,35,42
51,86,34
22,17,94
56,63,17
21,100,79
77,77,77
98,58,66
58,32,52
99,99,70
23,82,33
54,97,71
49,101,100
92,92,92
98,69,82
92,14,39
53,12,99
101,47,18
65,63,55
64,29,18
61,61,61
47,76,54
11,96,72
33,33,87
17,60,72
21,83,84
15,42,42
35,35,35
77,6,65
47,95,91
12,33,69
89,89,65
27,34,42
6,26,46
41,41,41
42,80,80
86,37,75
79,100,14
60,35,87
41,81,81
36,80,68
54,54,54
32,32,32
14,21,17
32,36,27
98,96,28
82,16,99
93,22,39
90,90,90
82,23,34
86,62,48
40,82,28
45,89,89
16,16,15
59,35,41
68,68,68
98,29,17
13,71,78
7,88,96
89,15,96
11,9,12
34,98,54
48,48,48
88,15,77
10,10,32
12,70,70
38,46,14
49,90,97
26,47,40
7,7,7
83,37,13
52,37,93
49,6,95
13,60,44
86,10,60
88,88,60
25,25,25
63,64,79
71,73,73
91,43,99
13,47,99
30,19,45
69,90,31
92,92,92
42,69,28
76,28,7
31,31,76
41,100,85
62,71,69
33,16,72
94,94,94
11,69,69
52,62,51
78,19,48
34,58,80
32,14,43
89,86,86
92,92,92
26,6,16
80,9,8
66,12,45
62,101,44
59,49,35
37,23,18
53,53,53
83,28,36
36,67,20
47,55,45
55,55,10
88,69,83
17,64,68
43,43,43
18,49,43
93,78,66
8,44,48
8,21,67
55,37,54
36,22,22
56,56,56
31,31,54
23,94,52
37,85,22
48,86,96
83,96,70
83,19,58
69,69,69
8,57,79
74,33,32
96,59,76
29,6,74
100,100,101
77,76,40
19,19,19
94,79,94
91,63,65
48,22,73
91,75,10
59,34,31
78,59,34
14,14,14
21,87,29
19,19,19
47,22,57
12,43,43
40,58,23
63,8,31
78,78,78
32,58,89
63,92,73
96,49,29
74,49,67
69,84,38
80,80,67
29,29,29
11,78,13
11,14,14
51,82,82
12,28,46
8,91,49
26,34,18
34,34,34
27,37,100
29,74,97
32,32,27
46,46,30
47,48,8
13,92,34
78,78,78
83,51,101
17,42,42
7,94,60
67,70,17
79,57,75
63,86,64
98,98,98
11,88,66
87,30,89
73,28,33
35,31,25
93,49,82
47,58,11
22,22,22
19,14,14
52,58,53
8,82,82
36,36,36
29,17,47
94,22,25
101,101,101
56,33,91
74,97,30
90,27,86
44,49,79
64,54,22
61,15,90
64,64,64
46,46,52
26,6,60
100,47,44
92,28,25
54,97,74
72,20,15
73,73,73
9,31,15
82,86,44
31,62,12
29,91,20
45,45,81
33,68,68
42,42,42
47,9,14
9,51,84
30,96,34
63,10,79
14,60,83
97,99,46
6,6,6
94,59,85
42,42,49
81,97,28
21,11,89
81,26,26
86,89,83
88,88,88
83,29,88
53,50,26
16,34,42
74,59,39
40,55,28
26,26,62
46,46,46
40,64,42
42,50,96
18,72,71
31,74,74
86,14,28
9,73,76
10,10,10
57,88,92
70,66,27
84,84,56
96,21,72
98,91,38
32,79,60
59,59,59
9,9,11
8,89,40
48,61,61
17,91,80
82,28,72
93,79,46
27,27,27
84,57,45
17,43,77
15,20,62
12,77,100
37,55,74
85,33,27
91,91,91
21,38,75
6,25,25
43,88,96
90,90,79
9,89,58
66,10,87
79,79,79
49,91,16
69,58,96
62,50,34
66,72,76
18,76,25
16,96,33
85,85,85
97,97,79
17,33,73
46,31,96
72,21,12
11,89,21
19,16,86
85,85,85
28,15,50
69,59,87
35,69,54
57,78,78
59,59,21
29,35,60
50,50,50
73,59,63
75,33,24
43,38,90
49,80,100
23,21,40
76,8,38
39,39,39
12,66,91
51,51,59
95,28,84
21,82,51
40,57,93
34,76,76
34,34,34
35,84,67
50,63,82
57,76,45
22,17,13
29,90,38
66,66,54
58,58,58
63,41,70
96,51,38
12,26,25
9,68,38
34,26,26
67,28,78
58,58,58
16,96,89
29,90,15
71,71,64
78,101,53
11,38,22
58,20,56
18,18,18
92,92,72
35,68,33
17,32,42
17,39,39
62,31,47
17,44,11
39,39,39
86,98,75
68,20,32
37,23,68
61,100,91
18,51,17
40,17,101
91,91,91
84,16,11
48,56,89
6,49,49
94,94,64
58,15,96
27,59,74
15,15,15
75,9,37
23,11,67
35,18,61
77,50,78
59,8,34
65,16,33
90,90,90
46,46,20
90,43,43
81,77,75
46,32,91
80,66,42
101,85,68
45,45,45
59,65,27
7,35,61
51,22,72
81,27,34
77,77,21
94,24,35
77,77,77
86,73,73
97,38,59
37,41,31
6,51,38
21,99,92
60,76,17
70,70,70
14,6,18
41,41,78
83,93,9
9,59,36
61,57,84
19,80,22
33,33,33
92,88,6
15,54,44
48,94,92
45,75,31
71,87,17
13,13,24
91,91,91
57,55,85
83,67,68
70,89,81
53,75,93
7,36,62
19,18,18
63,63,63
64,54,69
55,32,58
97,97,95
78,42,41
56,40,78
96,73,54
21,21,21
100,39,80
71,9,17
50,43,57
44,42,90
13,36,36
57,46,14
44,44,44
98,54,7
67,50,83
68,62,37
101,51,22
28,97,66
66,79,98
45,45,45
6,72,52
51,25,12
59,56,80
50,50,47
64,36,23
84,15,96
19,19,19
40,8,29
94,62,84
85,60,41
76,14,16
79,24,40
27,66,44
14,14,14
87,87,24
87,39,62
51,72,72
55,84,60
23,39,98
59,36,87
90,90,90
53,76,69
90,60,55
13,99,7
73,27,93
77,77,85
36,52,90
57,57,57
27,79,90
87,57,57
41,6,8
64,48,47
73,95,101
66,82,95
98,98,98
79,64,63
24,24,6
36,21,93
56,21,63
7,34,76
16,82,54
21,21,21
6,25,25
71,88,43
56,11,43
36,71,49
11,44,33
33,33,76
22,22,22
34,96,40
69,23,23
70,70,80
44,92,66
95,58,61
92,37,17
29,29,29
74,100,8
57,30,30
57,57,23
26,54,88
42,33,35
70,29,57
60,60,60
18,60,49
9,31,40
98,89,48
22,87,72
16,60,92
78,58,58
96,96,96
101,24,55
19,87,80
48,48,25
96,24,17
77,53,50
30,70,16
101,101,101
39,40,67
82,39,60
61,31,44
97,97,16
14,48,48
27,22,92
82,82,82
22,89,97
27,26,90
97,28,35
68,14,86
93,19,97
38,98,22
8,8,8
11,11,95
21,52,12
47,21,99
88,16,16
12,87,83
18,71,63
85,85,85
49,85,88
39,27,36
35,9,50
23,66,91
74,74,27
8,49,30
50,50,50
67,15,95
59,94,82
82,42,42
65,65,70
78,70,96
22,81,56
43,43,43
78,47,46
71,71,43
50,48,77
95,20,70
38,39,45
91,85,73
94,94,94
75,41,61
60,69,69
92,40,95
76,12,91
19,25,101
29,29,96
91,91,91
43,33,58
10,94,90
14,68,79
48,77,45
16,85,91
38,33,52
99,99,99
45,50,50
90,94,44
70,70,14
26,19,64
55,75,91
63,10,19
29,29,29
6,32,47
11,9,18
71,64,94
71,14,71
63,86,46
57,99,53
75,75,75
24,68,10
35,84,70
100,80,34
75,36,21
93,72,100
34,66,39
67,67,67
17,79,46
75,55,33
85,94,48
71,71,75
98,98,37
93,98,98
88,88,88
94,64,39
97,62,35
84,88,99
20,37,59
100,95,9
49,73,33
33,33,33
27,27,71
6,36,26
94,94,47
69,70,65
69,19,19
59,63,55
78,78,78
86,38,49
16,41,57
97,49,72
40,55,92
12,12,99
49,95,94
8,8,8
39,70,37
24,78,46
13,52,86
20,17,17
19,46,9
9,87,79
64,64,64
59,13,22
62,62,61
38,47,94
17,98,80
35,96,43
41,30,24
79,79,79
42,86,58
83,39,11
42,49,49
89,30,69
101,72,96
49,49,39
66,66,66
60,91,86
99,52,79
31,25,44
16,35,72
8,25,87
26,49,36
77,77,77
76,19,78
8,84,84
42,42,43
101,82,75
84,68,49
87,91,78
47,47,47
72,69,53
21,23,36
47,58,97
24,6,6
22,58,6
37,70,73
49,49,49
52,21,21
8,54,79
68,39,79
20,82,29
37,65,24
39,47,72
13,13,13
38,97,31
90,59,27
24,53,22
76,76,23
17,32,32
30,41,92
56,56,56
16,73,98
47,35,92
6,46,41
94,69,99
70,84,32
62,94,14
61,61,61
89,89,28
29,68,78
32,101,18
63,20,92
11,78,98
57,71,71
59,59,59
54,57,98
85,68,60
64,45,11
63,49,96
45,45,51
18,64,93
55,55,55
67,21,18
9,96,101
8,51,33
14,78,48
37,78,78
28,99,44
27,27,27
24,91,96
47,47,36
84,69,79
36,64,6
34,80,59
6,9,85
59,59,59
97,53,92
47,38,21
40,52,24
56,43,43
26,72,62
37,37,57
99,99,99
92,12,100
33,100,39
39,78,88
81,11,54
89,25,68
60,28,60
61,61,61
91,14,34
11,49,82
61,61,7
75,25,17
13,86,21
76,86,41
19,19,19
94,75,33
29,95,61
12,8,17
29,37,84
68,27,99
88,70,82
49,49,49
80,8,55
36,74,74
65,74,48
62,85,60
90,32,57
33,81,56
90,90,90
90,41,18
20,30,40
97,37,87
79,79,39
8,41,39
81,40,78
8,8,8
46,64,64
15,34,39
50,94,37
24,67,50
51,71,45
9,72,29
60,60,60
25,25,93
80,94,101
14,25,89
55,24,83
95,83,79
96,50,16
69,69,69
93,94,6
101,14,52
97,66,61
25,81,26
86,86,24
91,76,48
23,23,23
99,79,19
10,60,59
49,38,99
24,92,93
67,81,81
11,56,56
69,69,69
76,73,94
85,85,86
88,92,68
59,65,55
77,42,52
14,47,60
66,66,66
29,38,50
11,75,50
67,87,30
23,95,99
90,70,70
63,63,81
79,79,79
69,36,84
42,32,57
76,101,95
56,14,37
84,9,99
61,37,83
82,82,82
73,95,52
25,27,44
91,91,77
76,87,87
36,69,64
43,53,37
22,22,22
87,9,98
60,18,34
47,40,62
96,43,45
69,59,40
42,23,78
42,42,42
14,94,56
91,21,46
31,31,31
64,88,45
52,55,94
78,43,70
23,23,23
57,8,86
27,96,11
63,97,47
86,86,18
62,11,47
93,20,91
14,14,14
7,30,43
55,46,46
49,27,41
57,100,13
88,44,92
58,73,87
16,16,16
89,89,99
14,12,23
10,54,84
23,61,53
34,70,60
76,50,52
83,83,83
81,45,45
84,26,83
35,15,6
97,78,62
11,11,40
9,88,77
73,73,73
30,71,46
93,74,87
14,37,44
56,38,30
93,78,93
68,29,32
52,52,52
35,41,35
40,40,77
71,55,61
47,97,49
71,8,86
79,19,69
58,58,58
72,6,26
16,7,69
34,31,59
35,24,80
98,79,17
66,66,61
83,83,83
25,78,84
74,78,60
47,69,36
24,45,85
88,82,42
8,39,76
7,7,7
40,43,16
86,54,95
82,82,54
69,47,22
52,8,8
44,39,98
65,65,65
44,21,99
32,79,57
42,56,78
52,76,67
12,23,37
11,21,59
90,90,90
54,91,91
38,6,14
22,66,53
56,7,7
82,54,65
57,84,19
62,62,62
71,82,76
29,40,72
76,88,63
96,96,35
74,41,41
91,28,10
81,81,81
88,21,62
62,82,41
6,9,9
22,64,49
23,13,39
73,64,52
39,39,39
81,81,84
15,61,97
13,85,63
37,57,95
90,46,85
71,27,22
22,22,22
80,61,45
7,51,51
54,98,23
44,41,14
93,93,43
57,43,82
97,97,97
78,73,23
46,83,90
68,57,18
100,71,73
49,83,99
32,18,101
88,88,88
13,78,78
91,91,50
72,76,50
13,60,21
73,45,66
13,79,86
48,48,48
32,99,84
93,6,55
18,76,88
63,64,83
26,42,18
51,51,17
57,57,57
11,68,54
46,68,6
16,6,45
61,70,99
10,20,62
34,78,35
27,27,27
60,96,95
72,54,39
36,36,65
88,45,70
81,90,38
74,64,64
52,52,52
77,100,74
50,8,84
75,34,23
46,22,96
34,50,97
46,31,83
28,28,28
74,65,36
69,18,93
52,55,96
91,59,62
92,37,37
100,92,63
46,46,46
15,68,44
95,83,42
57,40,42
79,79,31
32,59,54
73,55,8
47,47,47
61,101,53
25,38,36
62,58,22
42,46,46
30,84,91
41,93,6
28,28,28
15,15,100
86,59,60
64,87,69
81,92,91
74,11,62
26,48,78
65,65,65
89,48,68
53,22,41
86,33,33
60,68,51
97,97,80
41,6,13
65,65,65
93,27,79
31,11,19
68,46,73
19,43,90
38,58,91
99,19,99
79,79,79
20,70,45
38,38,95
35,71,37
91,97,98
29,7,80
14,74,58
28,28,28
39,69,15
30,97,90
42,47,20
44,46,8
10,71,13
16,16,42
94,94,94
70,32,32
46,20,19
85,38,55
65,68,67
101,40,16
38,91,64
71,71,71
46,70,72
46,66,26
44,44,91
7,49,91
49,77,38
37,58,42
92,92,92
98,43,35
58,15,58
12,41,52
101,92,99
58,92,31
68,73,24
99,99,99
17,84,15
47,67,58
82,40,57
26,66,44
62,67,81
43,72,72
79,79,79
15,89,30
94,81,86
70,68,50
25,25,6
18,60,51
13,24,86
56,56,56
40,53,38
30,64,67
10,90,76
37,6,9
15,88,88
21,53,100
70,70,70
61,61,25
72,65,30
88,38,65
26,16,20
15,76,74
43,55,22
82,82,82
88,93,76
69,89,60
32,69,15
58,23,23
89,89,41
69,77,19
76,76,76
40,70,60
41,37,78
25,59,15
99,76,59
52,51,17
77,26,20
54,54,54
61,55,36
70,70,75
59,60,60
99,86,64
61,38,49
97,48,35
96,96,96
55,87,70
46,19,91
100,86,52
9,84,61
93,7,32
87,87,6
26,26,26
14,13,52
87,27,27
56,93,66
82,47,99
93,72,45
13,65,78
25,25,25
23,66,72
49,51,28
7,7,48
97,83,76
51,71,37
12,96,95
46,46,46
50,83,83
35,65,86
23,13,57
36,18,96
48,29,62
75,18,78
31,31,31
38,80,27
26,58,19
59,56,70
33,69,80
43,50,68
33,33,68
99,99,99
94,31,35
58,76,47
75,56,84
94,94,101
88,26,57
23,48,84
19,19,19
72,54,64
49,56,59
79,45,93
57,9,87
97,13,42
64,94,94
42,42,42
25,25,9
37,52,61
83,46,62
98,69,21
65,55,98
15,87,19
100,100,100
67,36,66
74,17,87
69,24,24
97,49,63
53,53,57
87,9,52
30,30,30
64,54,43
87,63,17
75,89,48
87,56,39
45,29,68
19,83,30
74,74,74
32,64,69
28,28,34
23,10,82
89,55,55
12,45,42
74,55,70
38,38,38
26,31,53
10,20,25
6,77,24
22,93,11
24,69,16
42,42,39
69,69,69
94,6,59
11,65,59
72,90,90
24,95,54
17,86,36
37,77,61
25,25,25
75,62,68
25,68,60
7,7,54
80,70,13
50,48,52
63,16,11
87,87,87
97,84,47
69,9,9
55,40,24
22,89,51
41,100,17
83,99,76
32,32,32
89,71,73
37,33,34
12,12,38
37,91,33
41,66,66
12,97,41
23,23,23
77,51,51
98,98,86
88,73,15
13,13,14
88,52,14
65,99,30
48,48,48
21,79,45
68,89,50
39,83,13
47,88,40
76,12,63
41,32,98
34,34,34
92,92,34
9,71,33
56,69,31
20,36,66
100,100,100
25,7,24
28,28,28
38,97,81
38,81,90
38,71,20
35,44,28
53,53,73
76,62,62
38,38,38
61,31,49
17,56,33
45,15,9
78,91,75
33,49,7
75,90,99
26,26,26
76,64,92
33,33,54
73,99,101
32,60,7
90,74,74
92,95,20
76,76,76
31,66,37
41,87,35
65,69,69
27,63,37
15,83,17
48,48,20
23,23,23
86,74,83
36,22,14
94,24,25
56,57,57
76,57,56
37,56,7
54,54,54
19,91,93
66,60,82
51,51,80
88,100,76
73,37,96
7,76,57
80,80,80
40,72,53
75,43,20
86,50,50
40,9,85
7,98,44
42,10,87
49,49,49
99,77,56
62,27,72
56,12,57
91,86,56
41,71,32
59,92,26
49,49,49
15,14,26
79,101,101
79,52,38
72,72,86
42,64,86
60,36,17
11,11,11
16,48,88
45,70,32
30,71,31
69,89,26
80,98,13
7,100,80
28,28,28
94,94,51
19,80,70
33,52,28
80,17,44
85,92,97
36,100,50
80,80,80
97,37,93
64,78,40
100,61,56
94,29,46
45,45,26
19,38,7
12,12,12
92,39,48
62,37,7
59,78,58
87,99,85
71,58,42
25,71,66
97,97,97
99,47,45
31,31,57
61,72,62
68,99,35
44,36,38
65,36,36
98,98,98
22,61,54
18,10,71
20,71,99
84,36,39
57,50,100
78,78,21
65,65,65
30,65,54
87,15,78
54,54,62
100,68,39
64,61,61
69,64,88
29,29,29
51,80,55
51,94,54
70,70,63
75,54,17
101,7,94
99,18,100
47,47,47
76,18,78
93,51,53
62,20,65
60,24,24
71,16,16
59,6,24
38,38,38
18,90,6
9,9,11
58,97,89
60,48,46
18,12,68
74,81,52
38,38,38
34,80,64
69,80,101
66,29,29
77,77,74
71,12,43
71,78,35
100,100,100
75,75,48
73,80,91
84,24,52
61,49,99
70,90,39
68,44,43
75,75,75
62,62,63
61,88,88
67,75,15
56,9,100
68,79,36
66,17,39
40,40,40
94,66,58
46,25,47
88,69,43
57,13,24
75,75,39
78,63,59
62,62,62
24,32,32
76,90,65
92,36,21
63,39,20
10,41,33
18,76,13
91,91,91
63,59,40
32,32,61
81,32,10
17,80,73
89,64,69
71,100,57
11,11,11
69,19,23
33,100,42
101,56,61
68,30,20
100,100,76
73,73,16
54,54,54
28,41,94
95,60,86
101,75,8
79,40,55
43,80,8
26,37,37
46,46,46
26,21,96
22,34,7
86,86,85
48,90,60
6,92,73
93,33,42
51,51,51
58,63,46
65,38,50
42,81,101
87,32,78
31,16,16
37,53,80
65,65,65
68,97,30
50,35,59
13,17,68
15,81,86
15,81,77
88,65,11
95,95,95
82,60,54
37,62,62
41,11,42
100,100,58
71,35,78
35,58,62
64,64,64
7,48,59
77,83,48
46,81,89
12,54,53
89,91,34
41,8,101
85,85,85
76,76,40
73,89,90
100,95,95
61,18,17
32,8,59
25,60,15
32,32,32
6,23,16
19,64,50
86,36,99
60,95,84
33,33,41
93,91,35
73,73,73
81,73,27
18,16,16
101,20,17
17,18,53
70,18,28
40,43,14
61,61,61
90,21,34
99,99,23
46,40,83
101,72,11
25,20,72
96,24,95
47,47,47
18,67,67
51,16,11
44,45,71
60,68,10
58,59,34
24,24,67
14,14,14
74,61,16
95,81,48
8,29,64
74,42,94
23,16,14
85,92,81
92,92,92
63,38,93
45,68,52
64,64,26
65,85,10
7,33,101
29,58,81
83,83,83
92,20,22
39,45,35
34,39,27
64,30,67
69,42,97
46,99,99
74,74,74
87,20,43
72,99,86
58,78,58
33,21,16
56,83,8
64,83,68
17,17,17
69,39,87
89,47,34
52,42,38
87,87,34
24,50,50
30,21,93
40,40,40
24,78,69
42,62,28
70,14,33
27,83,23
44,64,96
14,79,11
36,36,36
47,47,55
37,78,20
44,62,42
77,29,29
98,64,90
57,50,96
77,77,77
57,67,21
47,7,51
63,81,46
40,23,38
25,25,45
84,88,61
53,53,53
101,66,27
34,55,50
70,74,74
90,57,33
78,24,63
17,81,39
43,43,43
31,42,98
54,54,68
35,69,91
49,18,28
32,6,79
38,35,96
14,14,14
100,24,68
23,16,16
70,41,88
100,63,50
98,89,88
62,62,31
53,53,53
41,74,54
89,82,70
56,40,28
71,38,48
73,11,101
6,29,62
21,21,21
49,95,95
45,88,30
80,80,71
20,94,34
11,80,46
96,83,59
56,56,56
11,75,66
8,57,47
39,87,79
61,38,36
85,47,58
52,82,40
34,34,34
14,99,25
93,67,82
41,93,33
82,41,64
101,24,58
26,78,14
13,13,13
97,18,98
57,16,23
92,10,6
20,20,79
41,52,79
10,55,55
25,25,25
59,32,43
34,58,87
51,21,85
76,26,29
8,94,99
81,37,16
44,44,44
69,69,59
13,93,28
83,94,63
20,35,46
7,52,52
13,41,93
68,68,68
27,99,69
53,24,73
60,72,71
61,24,82
101,101,26
101,23,83
44,44,44
72,100,34
82,38,58
91,38,43
17,63,63
75,28,78
48,85,11
32,32,32
77,90,46
71,71,30
28,42,65
83,44,43
41,92,91
24,54,61
16,16,16
18,86,50
65,55,51
77,39,39
83,6,70
101,7,86
53,53,59
25,25,25
80,33,16
73,18,84
63,42,37
25,7,59
90,45,33
30,23,23
47,47,47
38,57,91
8,22,22
46,46,77
23,19,84
28,59,63
27,97,28
19,19,19
19,21,93
87,32,58
87,53,79
80,82,15
77,98,46
21,63,13
48,48,48
76,26,26
37,59,27
68,32,96
40,54,83
16,14,91
18,76,71
72,72,72
12,62,43
85,44,37
6,72,27
32,32,83
52,19,85
41,99,45
33,33,33
75,9,30
55,26,75
86,83,62
21,9,74
35,22,81
21,63,33
84,84,84
52,52,58
79,85,71
32,59,75
66,33,68
67,82,90
46,88,88
67,67,67
64,84,17
39,59,39
8,11,28
34,47,26
87,87,74
29,97,15
19,19,19
34,56,15
42,90,39
63,37,101
51,41,45
42,26,26
94,43,41
34,34,34
72,83,72
20,20,92
20,69,87
49,67,81
11,38,81
44,7,85
9,9,9
78,82,51
86,27,9
43,81,27
53,74,74
96,78,62
60,60,7
71,71,71
34,55,58
53,90,41
76,35,39
29,94,21
39,65,54
69,21,32
63,63,63
34,66,101
19,93,17
19,19,100
76,65,6
73,59,6
101,82,47
25,25,25
47,67,38
97,88,66
78,7,86
22,88,85
70,59,28
62,22,13
39,39,39
94,58,30
97,10,10
66,34,73
29,81,6
98,60,49
60,26,80
81,81,81
76,89,100
36,38,46
88,84,83
57,57,27
65,13,76
44,70,18
80,80,80
35,24,24
93,51,18
48,72,91
52,49,9
18,21,7
24,59,45
67,67,67
95,95,27
89,65,87
39,94,93
50,64,19
11,37,39
64,32,85
32,32,32
60,8,88
14,16,45
80,37,68
56,7,80
65,65,94
76,22,82
83,83,83
13,28,11
83,46,28
21,15,62
60,65,55
26,65,88
52,63,63
19,19,19
20,55,63
45,45,97
94,28,21
47,8,17
33,26,29
72,42,55
89,89,89
78,99,28
64,101,46
54,13,23
12,59,82
77,57,57
98,98,93
73,73,73
64,55,93
42,72,25
41,86,41
23,54,70
8,30,23
58,85,46
18,18,18
84,25,11
81,60,35
40,40,80
65,101,101
95,68,64
21,72,82
51,51,51
78,80,71
27,100,16
18,10,33
92,33,52
46,97,56
89,13,92
49,49,49
36,78,36
98,20,98
56,57,57
71,87,28
20,12,6
26,67,70
100,100,100
56,59,50
60,31,95
76,32,37
31,31,41
38,52,61
45,46,82
6,6,6
37,21,70
27,50,50
18,100,21
37,27,29
70,48,78
63,94,90
8,8,8
37,37,82
7,97,92
14,24,70
94,12,68
15,92,98
100,21,21
15,15,15
84,12,12
20,83,92
68,44,8
61,31,33
79,79,66
16,19,42
87,87,87
9,28,24
59,67,19
44,101,96
96,13,62
64,73,73
41,92,46
55,55,55
89,60,18
71,71,74
44,19,73
45,48,96
73,91,42
54,8,32
24,24,24
46,101,77
48,72,96
17,53,31
88,91,77
23,96,51
65,65,67
97,97,97
56,75,95
69,23,91
59,7,87
44,100,99
8,22,16
21,25,98
36,36,36
17,68,100
43,71,34
59,59,29
13,97,27
40,36,36
82,22,89
81,81,81
101,81,18
75,62,84
92,55,93
25,58,53
55,26,14
77,59,8
18,18,18
30,93,50
50,23,45
6,13,18
51,46,46
41,87,101
55,12,26
34,34,34
49,59,84
7,33,78
84,70,99
59,59,83
35,21,36
27,84,75
81,81,81
85,63,60
11,35,93
34,59,59
77,9,55
23,8,36
93,16,63
80,80,80
85,85,40
61,14,80
58,56,34
6,51,25
84,50,100
52,28,24
94,94,94
45,55,69
44,48,48
8,78,100
87,12,53
73,73,101
43,41,67
59,59,59
57,82,77
9,29,12
31,66,55
9,90,87
37,25,29
60,66,69
75,75,75
35,91,91
49,49,65
51,100,99
94,74,79
78,15,26
50,39,88
92,92,92
26,9,7
59,52,59
35,36,27
38,73,33
93,74,46
73,73,11
60,60,60
34,87,29
60,46,100
74,58,57
31,82,100
16,20,48
16,93,75
30,30,30
65,81,99
80,85,53
43,43,75
20,25,71
60,58,95
62,14,14
75,75,75
88,99,100
68,88,16
29,21,81
61,45,50
81,95,7
30,41,30
57,57,57
53,87,27
67,24,28
44,14,91
13,55,73
57,52,52
23,92,80
74,74,74
36,55,80
73,45,49
99,26,6
13,13,47
42,9,12
76,52,38
89,89,89
75,33,77
77,94,71
62,54,73
12,49,49
63,95,6
17,37,7
57,57,57
68,68,91
86,8,65
98,94,24
69,72,59
63,35,15
57,89,91
70,70,70
16,43,54
77,36,97
39,59,59
93,11,51
79,79,38
85,66,12
75,75,75
100,55,28
80,16,48
86,41,85
33,98,50
73,64,48
99,37,29
37,37,37
57,49,29
75,75,68
10,54,56
79,46,86
87,98,70
10,94,32
25,25,25
69,91,92
60,32,69
60,87,79
93,89,30
40,77,15
28,28,13
53,53,53
6,99,99
67,56,14
41,44,68
23,31,42
81,6,43
77,41,14
48,48,48
25,53,96
91,53,33
80,80,86
100,56,98
10,23,22
27,12,11
65,65,65
18,19,72
78,29,29
31,6,29
92,17,60
80,35,22
77,73,18
9,9,9
24,77,79
40,78,85
44,84,51
96,79,94
48,96,66
61,56,56
68,68,68
24,95,31
7,31,99
98,75,100
7,7,100
38,67,49
51,78,63
20,20,20
51,52,9
36,66,98
50,17,90
7,47,70
35,67,67
80,29,36
66,66,66
12,12,8
44,63,73
75,13,75
74,96,14
78,27,64
68,77,31
18,18,18
47,92,28
54,70,12
24,22,34
72,18,18
25,25,100
25,81,76
59,59,59
32,57,100
23,32,98
56,91,97
62,23,22
6,87,88
75,71,88
70,70,70
26,46,29
18,18,44
45,11,11
18,15,14
45,42,17
27,97,43
71,71,71
12,17,32
28,34,53
32,75,16
54,44,14
39,85,60
75,75,87
29,29,29
72,96,7
80,9,9
38,43,77
81,47,36
64,11,32
65,100,10
95,95,95
71,26,8
60,17,32
24,24,24
80,97,23
99,51,25
36,78,9
67,67,67
48,84,84
52,97,29
76,82,41
46,19,66
52,19,58
66,33,41
69,69,69
72,6,66
27,18,101
94,11,88
83,71,42
83,73,39
93,78,82
14,14,14
52,17,52
47,35,59
18,10,79
27,27,77
86,86,63
19,93,49
53,53,53
15,71,40
97,55,31
53,46,9
71,9,63
23,11,52
95,58,58
20,20,20
17,17,88
39,63,94
86,52,16
69,98,36
24,53,72
55,49,22
14,14,14
14,40,17
24,92,67
29,40,61
72,90,31
100,100,54
10,48,16
25,25,25
36,82,20
67,45,69
95,16,36
99,101,29
101,75,55
88,48,17
39,39,39
67,89,57
10,10,95
30,41,36
64,94,94
29,89,62
8,65,73
15,15,15
64,41,99
35,88,49
39,81,38
13,73,87
85,68,52
39,39,60
99,99,99
87,33,80
93,27,43
24,50,50
75,55,85
17,91,84
67,11,7
28,28,28
47,15,70
85,34,82
63,63,59
83,99,88
101,85,26
15,43,86
23,23,23
67,66,36
66,66,66
54,85,55
40,89,52
11,23,53
27,58,31
54,54,54
67,99,74
91,94,9
78,38,64
75,85,51
26,56,17
71,71,31
39,39,39
80,53,53
23,69,97
68,24,18
56,56,21
70,23,45
71,55,31
99,99,99
36,58,45
20,100,10
25,65,94
7,46,8
76,95,44
89,12,57
98,98,98
30,30,76
93,64,100
29,26,55
15,91,67
48,101,57
57,42,83
11,11,11
43,34,30
97,67,34
82,59,42
73,79,42
77,77,61
45,69,69
32,32,32
91,88,6
67,67,45
77,21,73
64,23,23
50,38,61
87,86,42
26,26,26
39,76,73
73,73,24
92,11,16
54,24,46
10,100,100
62,52,51
40,40,40
71,6,93
7,19,70
20,57,70
39,90,47
55,33,50
79,79,90
34,34,34
38,46,83
95,31,79
66,51,93
32,54,54
61,64,85
90,20,69
19,19,19
69,53,43
12,72,23
33,33,57
91,84,29
18,92,15
84,99,50
65,65,65
29,28,99
100,100,30
45,44,44
16,101,31
49,32,37
9,88,59
59,59,59
59,79,67
44,58,84
51,85,58
77,89,28
25,69,96
16,90,85
45,45,45
94,39,85
69,37,37
45,73,42
42,42,43
37,62,13
93,71,50
44,44,44
29,83,30
59,41,87
71,84,51
29,43,54
13,72,76
72,40,26
41,41,41
29,29,65
12,55,19
23,100,66
55,99,55
14,76,84
75,16,47
84,84,84
49,68,9
75,27,39
49,19,11
43,16,33
47,47,66
86,50,63
41,41,41
51,92,57
98,80,72
8,35,40
43,31,99
18,47,12
28,95,77
74,74,74
86,36,26
43,43,94
17,78,37
14,97,37
27,93,88
62,61,61
44,44,44
10,76,83
24,81,13
72,23,13
63,46,26
86,43,58
42,42,96
90,90,90
69,21,76
6,86,56
75,97,62
76,49,17
74,13,13
90,58,77
87,87,87
48,72,51
56,80,58
55,55,68
98,80,26
86,94,59
14,41,33
60,60,60
92,66,13
55,24,17
23,33,17
8,96,96
23,24,23
37,62,41
71,71,71
28,100,14
98,22,26
98,27,26
45,57,83
9,89,13
85,12,50
20,20,20
20,93,12
40,54,25
79,32,32
94,94,55
48,55,18
66,68,47
20,20,20
39,34,40
49,99,13
81,18,34
89,22,26
39,60,27
17,17,43
55,55,55
23,23,11
59,13,13
29,71,81
86,72,53
59,83,7
76,12,86
6,6,6
10,11,15
24,95,72
35,72,74
53,56,65
28,28,87
25,40,76
64,64,64
10,18,18
11,64,71
72,66,64
17,7,8
11,93,65
15,89,88
18,18,18
58,68,50
67,67,9
79,59,76
62,11,27
8,80,65
31,74,65
63,63,63
9,47,41
82,90,8
81,17,91
89,96,97
95,56,13
49,49,6
75,75,75
21,16,40
67,66,57
34,48,91
17,76,47
47,40,87
58,64,64
51,51,51
8,60,99
41,12,9
56,56,89
75,26,95
85,10,69
29,71,27
60,60,60
66,6,57
62,25,14
32,67,60
19,27,78
71,26,26
92,20,57
75,75,75
9,72,54
94,67,22
86,92,67
67,46,43
13,38,23
26,75,23
50,50,50
78,69,91
34,31,77
59,72,46
69,69,10
84,70,59
97,36,15
18,18,18
81,55,84
74,61,55
35,47,7
43,96,98
44,48,77
46,61,29
13,13,13
89,89,82
78,100,42
70,47,47
61,90,42
92,75,64
76,57,27
41,41,41
16,77,97
13,34,61
21,89,49
9,61,79
85,85,86
60,79,48
8,8,8
58,42,73
81,31,31
50,33,28
20,87,59
59,91,82
54,45,61
6,6,6
37,43,93
9,9,73
32,91,54
40,27,58
24,54,99
60,46,7
27,27,27
62,58,58
76,18,73
69,27,51
66,45,85
7,97,7
30,30,95
84,84,84
49,24,55
83,78,22
24,53,70
65,39,68
23,11,79
32,10,70
90,90,90
16,15,43
10,96,38
14,14,74
43,74,55
71,88,18
60,87,22
19,19,19
78,55,60
45,37,12
42,21,32
52,20,55
95,57,99
24,37,37
80,80,80
67,60,11
51,84,41
75,14,7
59,68,97
64,91,32
71,16,44
81,81,81
55,98,55
45,64,10
83,21,12
68,68,85
25,22,22
60,11,22
94,94,94
21,101,17
7,35,72
86,32,58
75,73,101
93,73,92
67,97,48
59,59,59
83,83,62
8,82,83
23,20,74
26,94,94
24,65,48
78,8,72
34,34,34
49,30,64
73,20,88
30,13,29
40,7,46
57,57,47
38,26,13
63,63,63
45,71,75
96,80,98
97,25,25
99,51,70
71,86,73
78,43,90
26,26,26
59,64,65
17,17,81
61,65,25
8,81,80
77,63,6
7,26,16
100,100,100
30,68,56
70,61,61
49,19,22
29,34,10
85,24,31
66,66,53
28,28,28
64,99,67
33,24,31
20,30,26
81,68,27
10,91,48
24,74,55
13,13,13
80,81,81
21,27,53
34,34,99
12,67,33
51,82,100
81,67,31
79,79,79
93,85,71
26,78,55
34,49,71
49,100,36
91,27,63
73,47,23
43,43,43
85,53,68
19,70,63
30,43,98
90,28,48
34,88,81
26,15,33
13,13,13
61,93,9
23,52,9
7,31,86
79,79,52
15,35,77
17,75,75
43,43,43
60,48,59
18,82,42
101,10,73
14,58,80
69,24,54
10,6,88
97,97,97
36,36,41
57,12,62
82,82,46
6,38,51
57,100,100
101,15,51
68,68,68
31,17,7
26,53,17
28,35,68
66,41,66
54,54,71
82,94,89
31,31,31
27,93,55
56,94,14
87,10,74
55,55,55
87,74,88
93,93,91
79,79,79
33,21,24
22,22,53
98,42,16
56,18,81
66,50,15
13,8,16
89,89,89
84,17,77
17,86,35
89,88,88
90,38,52
33,6,85
22,22,71
30,30,30
43,12,31
73,75,82
46,93,33
58,32,6
55,15,80
50,86,46
78,78,78
51,31,83
73,37,37
54,54,70
21,70,65
79,101,9
13,8,65
94,94,94
35,36,56
56,59,8
67,18,81
55,11,71
59,14,93
46,24,17
69,69,69
82,73,73
27,18,87
52,48,13
33,78,59
65,34,94
15,68,13
85,85,85
6,88,63
69,83,86
17,34,71
90,90,52
94,84,68
49,98,10
50,50,50
41,45,35
85,80,17
75,23,18
29,46,9
66,57,7
32,58,54
47,47,47
13,13,74
99,75,80
16,84,66
24,17,36
98,86,97
81,11,11
12,12,12
87,98,7
47,21,33
21,81,17
54,91,29
51,51,17
94,18,26
30,30,30
46,86,56
73,56,10
75,92,99
53,65,17
70,49,49
83,27,86
44,44,44
96,85,19
65,65,56
47,58,44
53,13,73
38,47,23
78,90,9
13,13,13
16,40,78
17,7,7
93,23,62
72,86,86
80,98,79
42,42,56
80,80,80
83,86,78
46,49,19
9,72,77
66,50,101
88,27,95
101,49,77
68,68,68
91,16,85
76,29,42
65,65,41
55,28,35
66,16,81
85,78,49
74,74,74
69,83,39
92,10,81
25,8,21
18,28,94
51,35,78
92,47,71
23,23,23
94,59,59
84,13,13
43,67,55
33,38,51
37,6,59
33,30,83
46,46,46
38,42,56
39,52,70
41,31,20
98,98,73
83,68,35
78,99,88
86,86,86
24,91,91
49,71,13
49,11,48
68,76,52
8,97,14
72,36,99
67,67,67
11,11,60
9,75,87
76,67,98
97,32,6
66,80,56
16,46,19
22,22,22
78,28,58
99,62,62
11,77,68
37,93,60
100,100,38
33,27,50
96,96,96
41,86,84
34,66,78
93,27,43
25,82,14
88,25,31
26,69,69
69,69,69
38,54,16
12,12,77
82,53,46
82,38,16
35,11,21
75,7,9
16,16,16
61,82,80
82,65,62
85,26,34
8,58,101
64,51,51
25,25,93
45,45,45
87,62,93
45,99,15
92,34,74
101,77,65
30,20,88
22,86,76
90,90,90
13,61,65
10,14,66
65,65,62
50,70,70
69,21,68
18,73,44
49,49,49
24,60,98
27,33,47
82,99,66
78,57,50
89,77,88
88,99,23
55,55,55
22,71,98
39,25,32
76,70,70
99,28,48
87,70,43
32,8,67
57,57,57
65,72,58
60,29,87
101,86,81
93,93,31
56,58,13
64,40,14
65,65,65
99,9,66
61,92,92
33,71,67
6,68,84
51,15,23
46,96,84
40,40,40
98,98,52
60,30,96
22,17,64
68,39,35
38,18,36
53,10,98
93,93,93
9,48,48
7,58,58
12,51,54
30,66,30
65,65,12
54,60,8
37,37,37
48,40,97
101,85,100
60,21,40
50,29,46
94,93,13
13,22,81
69,69,69
90,26,15
29,29,87
86,74,65
8,91,86
67,98,29
92,22,89
66,66,66
13,24,99
57,58,37
25,81,54
51,61,74
41,38,62
6,6,63
53,53,53
38,23,67
95,21,67
21,95,11
96,6,85
92,80,65
53,36,19
26,26,26
65,75,94
36,84,56
52,52,101
33,31,51
86,37,37
55,60,89
81,81,81
101,32,73
36,24,35
86,40,72
44,82,72
57,80,82
13,60,100
8,8,8
89,92,75
89,67,15
68,97,101
13,93,93
53,100,101
9,94,75
49,49,49
37,97,101
74,99,88
88,69,47
67,67,21
6,41,52
71,64,15
36,36,36
23,90,42
13,32,32
23,49,49
47,100,101
40,72,70
81,8,24
58,58,58
14,14,57
24,9,76
90,69,53
56,56,80
45,17,39
16,20,47
33,33,33
28,81,29
73,89,89
77,34,96
95,18,29
89,89,54
45,15,39
45,45,45
100,85,66
92,20,30
61,24,91
28,21,11
16,65,39
18,45,100
88,88,88
40,21,21
29,29,52
62,34,91
11,60,46
70,85,14
93,11,15
92,92,92
99,74,30
77,23,95
61,36,85
78,54,17
6,59,9
91,91,99
22,22,22
50,91,70
100,90,98
87,19,12
52,71,36
61,96,88
86,97,59
30,30,30
101,61,99
46,83,62
19,19,60
90,66,87
77,75,51
15,25,25
43,43,43
42,58,47
98,85,15
40,71,20
83,99,25
15,51,81
62,37,35
94,94,94
23,26,58
25,101,87
79,22,9
62,35,77
69,46,46
19,6,67
77,77,77
29,14,13
62,22,69
56,65,25
26,26,85
51,32,86
54,73,23
35,35,35
96,25,90
27,41,64
70,31,45
55,82,82
79,99,13
83,34,7
12,12,12
40,40,39
93,47,69
24,17,28
43,22,32
23,77,44
46,73,77
97,97,97
62,24,30
62,10,9
31,50,50
31,67,67
78,78,97
53,87,49
13,13,13
67,29,94
62,64,86
80,73,95
24,49,82
88,63,46
63,73,29
95,95,95
71,56,101
89,89,68
11,27,94
62,26,87
82,87,33
43,36,36
96,96,96
71,30,27
35,21,62
39,61,91
34,26,96
45,87,73
23,23,37
21,21,21
53,60,60
93,41,98
86,48,37
38,78,57
57,43,88
9,38,39
26,26,26
53,94,33
15,91,93
100,100,93
88,62,44
38,34,33
85,93,18
32,32,32
23,43,68
96,63,77
100,25,47
36,37,14
49,43,21
24,95,84
60,60,60
100,86,101
13,62,73
95,51,39
14,76,86
85,57,68
8,69,69
40,40,40
59,66,93
53,73,81
67,101,58
25,25,89
45,32,85
99,75,100
59,59,59
36,57,93
55,94,79
44,70,68
60,100,14
22,29,29
81,7,28
63,63,63
12,12,50
13,7,82
95,83,66
51,97,22
100,31,100
42,46,28
92,92,92
50,69,56
71,86,52
51,70,81
97,54,54
75,75,15
34,95,57
72,72,72
52,97,85
37,80,90
72,32,13
25,60,40
20,28,67
11,70,16
36,36,36
62,30,65
54,54,20
86,17,17
29,7,83
101,9,7
10,30,59
18,18,18
58,40,55
23,96,12
93,43,64
30,35,32
93,48,29
8,8,17
27,27,27
33,46,52
66,55,55
61,44,58
43,82,50
46,81,23
18,61,20
63,63,63
77,7,49
68,7,30
82,82,25
71,91,30
89,36,41
72,42,28
93,93,93
64,82,82
15,95,97
27,48,15
35,58,84
22,63,58
12,79,50
87,87,87
98,99,30
41,12,21
26,84,33
46,26,15
18,48,21
77,32,23
92,92,92
65,34,89
38,23,52
11,14,94
89,89,18
17,100,61
80,76,41
15,15,15
30,97,66
18,13,98
15,52,39
84,23,83
41,92,86
86,59,59
80,80,80
76,76,19
79,68,27
48,54,23
95,20,27
51,96,26
86,56,90
88,88,88
13,59,74
28,93,17
97,59,84
93,28,37
63,63,54
98,7,70
40,40,40
95,29,30
8,23,51
84,8,27
56,81,75
39,60,95
23,11,98
58,58,58
61,39,87
47,47,95
39,54,82
55,50,50
64,8,72
55,30,23
8,8,8
60,53,78
17,74,101
43,14,35
8,80,31
65,60,78
96,96,77
6,6,6
60,43,90
63,41,72
32,91,91
21,11,17
66,82,84
18,72,30
60,60,60
72,10,63
6,50,7
93,93,41
30,33,99
29,39,43
65,100,87
32,32,32
29,36,63
72,23,23
69,16,47
16,31,9
55,74,17
69,7,15
26,26,26
24,15,79
69,10,89
87,65,75
82,29,67
78,86,43
34,19,44
73,73,73
92,70,70
81,78,38
59,93,42
76,76,48
29,52,94
51,86,67
50,50,50
100,55,32
60,97,33
19,59,82
63,42,31
32,98,92
65,7,59
25,25,25
76,76,63
76,28,6
7,52,33
84,26,87
47,20,29
84,63,25
12,12,12
78,11,12
71,38,34
71,87,12
6,50,22
86,86,31
23,20,20
91,91,91
41,11,33
29,27,26
18,87,74
23,48,80
18,34,51
79,91,99
57,57,57
88,11,91
16,16,9
52,62,25
89,32,13
99,63,63
14,47,69
37,37,37
40,25,40
42,14,43
89,89,36
50,34,12
84,86,86
43,43,91
48,48,48
51,36,48
90,21,32
74,41,19
95,53,53
16,63,55
98,40,49
91,91,91
35,58,40
44,54,100
33,33,29
23,13,47
80,101,64
92,13,80
23,23,23
71,76,59
16,11,61
81,34,34
7,10,12
48,8,71
60,32,78
42,42,42
27,65,21
75,84,10
38,47,88
81,95,100
12,95,19
35,62,63
82,82,82
50,73,16
37,99,99
78,42,61
13,13,84
71,82,10
6,34,16
67,67,67
45,49,57
23,68,89
65,97,45
56,33,49
82,57,44
92,6,34
54,54,54
78,78,45
33,54,22
96,15,47
64,27,64
82,86,21
59,39,22
63,63,63
48,13,34
39,54,37
21,76,35
32,99,49
27,27,89
27,81,87
73,73,73
92,27,16
67,43,73
76,59,79
71,89,7
36,24,36
54,101,18
29,29,29
62,67,45
73,73,70
70,28,45
79,12,23
97,16,8
69,59,59
42,42,42
79,47,69
37,70,79
8,44,77
97,32,17
92,50,85
40,40,55
55,55,55
99,74,75
15,46,73
37,52,56
27,94,39
14,63,63
12,55,77
80,80,80
47,13,46
29,100,18
22,22,33
57,101,77
51,69,59
20,51,19
70,70,70
30,92,77
34,63,66
75,75,60
94,59,59
71,54,63
40,48,28
14,14,14
101,98,8
25,16,77
91,55,48
40,9,93
42,88,84
89,69,79
94,94,94
27,95,100
29,30,93
53,101,101
57,57,53
49,33,73
85,63,42
40,40,40
48,94,67
83,66,6
18,18,80
16,25,94
66,63,39
61,32,92
99,99,99
50,50,96
9,91,91
57,94,85
60,53,90
94,37,16
50,76,36
98,98,98
101,24,25
80,101,13
29,6,35
19,21,53
10,10,78
26,8,89
35,35,35
97,79,79
19,37,22
59,29,72
30,17,27
87,78,55
22,71,92
85,85,85
89,95,96
32,32,66
24,99,73
26,62,34
98,40,46
41,8,35
84,84,84
76,29,85
87,42,62
50,6,79
62,82,41
28,84,87
6,6,14
63,63,63
93,70,69
6,19,53
35,59,77
87,29,76
16,60,94
81,91,91
12,12,12
39,71,97
66,64,101
67,67,30
57,98,41
22,76,20
99,34,53
98,98,98
26,19,78
68,88,81
36,37,96
73,35,23
25,31,31
10,77,83
61,61,61
27,11,98
7,72,11
92,11,14
61,86,28
20,62,20
82,21,75
80,80,80
30,37,90
95,10,13
16,28,67
92,92,48
97,56,10
40,24,49
67,67,67
17,95,96
7,76,92
69,22,80
40,77,47
32,100,87
60,33,8
59,59,59
36,36,91
48,8,40
71,101,101
58,39,64
8,23,67
85,85,28
29,29,29
71,98,19
64,9,28
59,48,99
93,85,98
23,23,49
74,53,45
75,75,75
57,81,73
42,24,24
61,96,101
96,48,61
59,80,91
84,85,73
27,27,27
79,92,68
95,95,46
63,60,90
85,77,85
15,31,100
42,30,82
56,56,56
28,20,20
99,79,39
6,61,88
87,39,49
66,42,7
67,67,49
46,46,46
96,9,27
92,75,34
82,83,26
8,27,80
90,8,64
87,49,57
96,96,96
10,25,26
71,42,15
87,87,47
61,43,81
70,58,36
88,8,73
44,44,44
82,54,100
13,25,69
23,97,87
20,80,43
60,67,50
62,63,63
93,93,93
98,81,47
25,26,36
46,34,27
14,12,90
7,75,39
31,90,11
20,20,20
12,99,77
23,70,44
93,38,25
96,96,26
97,13,13
72,68,22
62,62,62
82,98,50
89,25,24
42,67,90
93,33,38
92,9,12
97,97,76
18,18,18
76,76,11
95,37,56
57,27,37
27,15,15
95,96,33
94,39,77
30,30,30
27,92,81
92,63,91
75,83,7
90,17,101
58,58,39
51,69,77
20,20,20
80,7,59
16,57,46
39,89,89
47,8,73
6,57,51
16,13,6
76,76,76
36,87,8
52,52,11
101,66,29
95,84,100
19,47,55
81,60,37
54,54,54
96,37,48
84,87,87
98,57,54
59,8,88
25,23,23
12,12,42
82,82,82
79,80,38
41,36,88
50,95,67
33,39,41
50,50,8
69,20,87
70,70,70
63,26,26
100,67,52
14,14,8
57,10,101
8,100,94
6,47,30
86,86,86
42,94,53
86,49,37
84,6,78
29,88,54
12,96,44
101,64,90
92,92,92
56,100,58
70,55,81
86,74,68
53,14,50
33,24,8
54,29,96
87,87,87
101,47,42
24,42,9
65,70,58
47,47,94
70,59,28
101,69,69
84,84,84
25,27,92
81,97,86
51,60,90
7,26,85
18,21,22
96,60,58
49,49,49
38,38,33
62,53,69
11,35,35
66,12,45
46,75,75
64,57,86
78,78,78
80,43,18
49,84,79
33,79,39
7,30,83
60,60,83
26,51,77
41,41,41
96,90,54
32,22,47
8,48,7
19,77,77
83,31,32
60,63,27
31,31,31
56,67,96
14,14,57
59,44,36
62,47,16
69,9,28
41,56,87
101,101,101
46,30,11
51,74,62
64,7,7
36,8,69
49,23,30
44,44,89
93,93,93
98,65,45
37,9,73
51,91,81
52,89,76
72,92,20
91,85,93
13,13,13
101,33,8
59,51,51
93,93,72
82,33,56
81,30,8
66,61,99
17,17,17
82,96,54
31,8,25
42,18,67
33,7,49
12,58,84
75,34,53
10,10,10
31,17,17
53,90,15
10,31,45
29,99,56
96,92,62
32,91,31
15,15,15
80,52,60
34,20,63
40,56,39
82,82,64
78,58,36
35,73,11
60,60,60
69,6,33
65,65,76
16,67,7
62,47,40
57,19,64
48,56,96
60,60,60
47,47,34
76,8,37
33,98,11
92,27,59
100,32,30
82,67,67
86,86,86
63,6,65
97,35,80
66,7,19
51,55,9
33,33,10
70,101,84
17,17,17
46,93,54
91,78,74
46,58,100
100,86,81
95,22,22
75,20,35
101,101,101
101,19,86
59,59,30
6,95,91
99,85,89
41,101,17
90,43,34
26,26,26
71,12,9
38,92,33
43,8,53
54,49,49
84,23,27
58,58,21
62,62,62
35,32,34
61,85,53
43,40,25
85,26,24
90,21,69
80,22,14
14,14,14
48,75,7
22,25,40
85,85,14
39,40,21
27,76,24
95,47,68
37,37,37
67,62,57
58,73,10
17,15,51
51,91,15
91,48,72
94,54,10
87,87,87
74,49,11
88,31,31
36,21,9
14,101,80
17,39,65
26,57,68
84,84,84
45,45,7
59,10,76
52,91,73
19,19,6
11,91,38
16,28,44
88,88,88
96,83,83
53,49,39
10,19,78
20,77,68
92,67,101
50,100,93
95,95,95
95,95,84
49,76,25
77,76,89
63,59,9
48,41,71
65,78,57
72,72,72
40,72,25
7,40,69
30,23,98
41,24,73
42,42,55
70,10,65
35,35,35
34,77,87
87,98,81
74,99,18
12,96,85
101,53,58
51,80,80
53,53,53
71,72,85
15,15,63
36,95,78
75,57,19
71,18,98
88,75,61
19,19,19
19,60,62
71,98,35
71,9,55
33,95,25
76,82,82
12,12,21
14,14,14
18,92,65
62,38,17
24,66,52
34,70,7
84,80,65
63,58,65
49,49,49
75,57,72
50,99,40
41,41,76
6,75,75
71,31,7
43,95,21
74,74,74
20,19,78
19,21,90
93,36,92
38,24,66
98,26,23
88,88,95
57,57,57
85,68,91
49,69,15
91,87,87
39,69,101
28,86,74
55,86,98
68,68,68
67,27,47
59,72,60
43,49,6
25,25,54
55,49,95
95,57,70
77,77,77
71,80,55
75,95,95
57,84,12
20,66,54
56,55,60
64,31,73
29,29,29
23,23,46
57,46,91
23,8,20
58,64,30
85,35,20
86,9,32
36,36,36
28,31,31
37,69,35
93,14,75
65,27,48
40,40,27
96,49,6
74,74,74
95,100,48
32,87,56
10,26,48
78,57,24
41,57,85
34,7,17
82,82,82
87,60,69
68,68,29
56,94,44
99,76,98
29,38,64
82,34,99
78,78,78
44,86,57
72,51,46
98,87,22
46,14,58
95,48,84
19,19,52
59,59,59
60,64,9
36,82,97
60,14,62
47,80,86
54,88,90
19,62,17
30,30,30
17,98,58
25,53,17
50,50,96
79,72,74
19,15,15
67,39,28
20,20,20
39,82,26
61,46,66
91,13,10
74,93,21
99,78,77
15,77,65
90,90,90
27,7,89
68,84,56
44,36,35
17,93,93
6,38,73
98,80,19
69,69,69
26,24,60
46,64,32
88,94,17
19,19,61
38,31,33
70,86,33
40,40,40
69,42,56
85,41,101
58,63,63
83,96,58
100,66,54
51,26,43
15,15,15
73,73,71
40,39,40
85,89,101
84,96,16
73,18,74
74,91,59
79,79,79
33,70,32
64,46,46
81,100,22
54,57,24
70,70,47
69,34,100
85,85,85
88,30,55
47,98,56
63,54,32
98,35,68
38,41,70
84,18,33
92,92,92
9,55,55
77,77,81
17,34,100
45,53,31
79,92,69
101,65,46
53,53,53
92,93,71
23,33,41
36,23,76
42,17,70
83,74,97
68,68,35
76,76,76
41,95,76
93,77,34
100,26,20
45,39,29
76,32,79
25,50,70
13,13,13
37,91,84
53,86,27
78,78,78
17,71,22
8,95,45
92,91,91
34,34,34
56,59,96
71,85,13
56,73,33
93,89,87
90,22,57
98,48,92
25,25,25
98,90,36
23,25,72
82,22,84
60,38,67
14,75,75
57,10,74
55,55,55
69,41,91
85,29,29
93,49,56
87,87,10
89,101,53
54,79,38
93,93,93
13,84,95
24,44,79
42,41,53
99,85,85
63,91,12
17,50,60
12,12,12
39,39,61
61,57,26
79,28,97
37,89,47
68,8,49
43,53,20
54,54,54
90,90,77
30,57,93
11,31,31
8,33,60
72,72,97
79,7,66
22,22,22
29,45,46
37,69,36
82,21,34
10,69,9
29,81,26
71,95,85
29,29,29
57,49,44
84,84,46
100,33,44
13,95,66
77,16,19
9,37,16
20,20,20
44,61,14
77,13,16
17,34,85
85,96,49
98,23,43
19,19,38
25,25,25
51,55,55
49,89,43
10,66,50
81,95,36
85,90,52
12,12,95
91,91,91
65,91,27
88,33,31
7,7,36
94,6,83
26,36,94
87,67,9
57,57,57
45,34,31
8,65,74
31,16,74
41,95,101
77,82,34
89,37,96
75,75,75
11,9,73
62,101,83
37,90,73
7,25,69
47,54,93
81,68,68
36,36,36
86,74,45
37,56,17
82,66,43
45,45,44
27,97,14
62,70,52
45,45,45
66,12,24
62,30,41
71,11,76
36,26,30
100,101,101
67,26,31
44,44,44
58,58,55
46,28,49
87,67,15
25,58,56
67,87,6
22,10,75
46,46,46
24,36,98
19,60,66
51,67,54
86,88,88
7,7,82
30,54,80
27,27,27
46,101,23
83,18,68
10,92,99
21,98,23
54,6,65
12,90,60
6,6,6
76,11,84
44,44,15
16,51,51
62,49,91
66,33,86
15,93,64
83,83,83
84,15,18
51,77,35
23,44,31
11,76,88
7,91,38
41,41,43
66,66,66
76,6,90
35,25,25
86,81,40
66,38,18
36,75,42
38,99,24
86,86,86
55,96,99
26,50,58
68,68,53
86,8,71
18,20,18
30,7,85
84,84,84
16,95,95
43,90,51
41,63,53
89,18,99
62,51,61
94,86,18
53,53,53
95,91,35
6,53,29
22,13,50
52,86,40
100,96,81
25,52,24
7,7,7
93,56,63
64,20,38
41,64,48
64,64,70
63,18,46
10,35,97
17,17,17
77,48,65
91,30,94
26,44,20
97,90,73
15,37,36
13,31,31
96,96,96
9,9,63
97,16,30
43,77,29
99,13,47
40,96,11
23,67,30
43,43,43
6,91,27
90,19,74
79,69,59
82,89,75
95,95,69
54,76,50
33,33,33
62,85,46
86,37,53
99,57,33
64,50,11
99,42,78
82,46,35
75,75,75
57,60,16
90,90,100
47,41,14
28,32,32
44,54,37
79,68,101
56,56,56
74,46,44
97,6,49
72,12,90
12,36,53
96,6,94
70,70,91
93,93,93
64,61,53
19,58,57
25,29,29
14,50,81
39,17,43
45,47,74
6,6,6
9,17,62
22,68,31
21,21,37
74,25,84
16,21,96
85,9,67
20,20,20
80,94,41
35,100,100
99,88,70
80,13,71
29,19,16
92,23,38
37,37,37
6,48,24
31,62,29
96,23,28
58,94,43
52,66,12
15,13,88
96,96,96
90,65,65
68,95,50
23,96,46
59,59,7
6,65,50
86,8,13
61,61,61
34,8,12
101,18,71
44,80,18
43,90,74
40,47,101
96,32,60
50,50,50
75,75,24
9,45,40
59,27,14
98,80,77
94,21,92
45,29,82
89,89,89
97,96,67
19,68,58
14,37,79
9,25,16
19,19,18
84,97,97
69,69,69
96,24,51
97,57,26
52,101,48
20,31,25
42,71,56
63,20,99
36,36,36
77,63,69
77,77,84
22,12,101
8,63,43
26,87,87
22,40,22
14,14,14
41,50,86
95,97,28
73,40,62
55,58,11
72,55,72
57,57,47
15,15,15
30,66,49
19,84,33
57,44,98
86,22,22
22,36,100
76,98,57
100,100,100
54,72,30
80,83,19
18,18,44
27,71,100
26,89,27
22,75,81
98,98,98
88,56,73
42,73,32
41,69,69
66,77,30
46,79,75
97,41,6
58,58,58
74,6,77
59,79,38
67,21,53
86,22,36
76,67,67
11,94,82
68,68,68
94,60,101
34,81,81
42,57,41
21,21,38
81,67,87
79,41,101
14,14,14
13,52,85
84,71,88
81,71,81
90,70,90
17,45,42
85,30,32
80,80,80
69,69,39
88,41,44
20,56,97
69,100,21
75,31,32
69,20,33
73,73,73
29,6,25
21,91,88
58,37,94
50,14,14
31,31,44
46,90,54
68,68,68
69,22,61
64,45,7
88,51,48
9,89,9
8,99,14
31,69,30
67,67,67
41,50,52
82,82,42
40,65,97
24,81,83
75,37,83
78,99,99
85,85,85
99,9,63
16,79,11
57,78,42
20,84,41
43,34,52
73,73,36
42,42,42
10,32,40
95,20,83
85,95,63
98,29,89
84,34,34
56,21,76
64,64,64
10,92,38
90,76,84
17,17,57
9,61,69
44,97,27
24,26,86
65,65,65
9,62,71
48,27,100
78,88,72
34,101,101
43,96,96
74,21,13
76,76,76
70,89,63
38,39,66
29,21,29
16,36,29
27,20,93
45,73,78
39,39,39
93,6,13
98,42,71
27,17,17
49,49,48
56,76,17
62,31,43
14,14,14
26,62,31
80,40,36
27,48,101
67,45,78
9,13,8
87,92,65
51,51,51
90,90,41
51,90,90
11,71,79
77,65,81
12,44,69
89,15,17
70,70,70
47,45,84
9,80,73
88,59,94
78,81,80
32,32,56
8,25,48
30,30,30
38,24,24
50,84,10
23,85,28
78,101,8
95,71,32
98,32,51
93,93,93
39,42,74
77,77,75
39,64,37
6,86,101
70,66,49
15,38,63
96,96,96
71,79,65
84,40,54
11,27,47
64,79,17
46,96,68
28,28,81
26,26,26
47,84,96
55,25,88
9,74,25
77,11,54
69,54,34
68,19,19
31,31,31
91,37,69
90,74,43
20,20,34
85,82,85
12,9,81
85,14,79
94,94,94
81,101,36
64,61,99
11,62,57
85,7,13
19,31,31
87,48,14
76,76,76
51,93,67
53,97,20
75,64,57
93,83,32
73,11,73
14,63,75
44,44,44
95,35,55
60,37,8
53,89,89
59,59,88
88,91,32
26,52,14
101,101,101
37,75,74
18,39,61
53,84,16
53,16,66
86,98,36
70,35,14
40,40,40
35,35,78
25,45,33
76,25,25
101,78,82
72,95,64
40,73,32
59,59,59
72,55,86
47,14,15
37,73,84
30,72,34
15,15,46
48,65,69
82,82,82
79,34,17
58,54,54
100,64,70
25,88,12
67,25,52
94,15,18
61,61,61
36,69,73
82,82,30
12,49,87
69,36,30
21,96,70
63,22,49
17,17,17
65,97,97
55,71,73
46,29,92
6,65,17
52,47,72
19,19,64
71,71,71
100,14,41
72,94,17
35,30,73
94,64,6
89,59,26
53,59,71
95,95,95
59,69,86
53,76,101
48,48,17
89,91,19
66,21,101
13,42,98
31,31,31
56,9,70
60,61,9
22,89,13
53,95,43
87,10,34
23,86,86
30,30,30
12,98,15
10,97,94
87,64,71
89,50,61
16,36,73
48,24,50
87,87,87
40,25,72
27,69,14
29,43,94
21,21,98
68,37,37
58,69,67
38,38,38
41,18,57
84,97,53
36,89,87
25,17,9
46,64,52
59,67,54
36,36,36
93,93,11
42,31,81
47,19,77
63,74,74
14,10,14
99,62,37
71,71,71
58,63,44
50,43,85
33,68,58
85,43,90
71,71,72
41,74,65
90,90,90
50,94,49
18,73,86
87,40,40
50,82,42
47,51,13
99,37,79
96,96,96
44,46,89
84,84,44
21,48,31
65,63,63
30,30,98
32,31,92
78,78,78
64,57,101
40,20,20
66,29,63
77,83,38
46,19,10
55,55,11
56,56,56
28,100,56
94,17,42
95,66,16
75,80,48
68,39,88
17,49,85
42,42,42
98,17,17
58,30,11
36,36,47
51,12,67
21,49,25
16,70,13
79,79,79
56,25,73
30,30,27
35,94,7
11,23,46
23,21,62
57,34,51
35,35,35
35,27,27
98,12,100
50,61,84
34,27,93
36,82,74
96,39,22
72,72,72
99,55,25
49,93,43
40,60,33
7,7,18
46,31,34
45,31,31
73,73,73
91,13,89
100,92,82
81,36,28
101,59,36
32,59,64
92,64,96
19,19,19
38,38,90
9,82,11
100,79,57
15,63,35
95,40,40
89,89,33
10,10,10
10,89,79
42,51,93
61,95,30
53,16,43
51,51,11
57,15,42
25,25,25
98,75,31
51,41,46
13,50,11
39,37,37
97,29,83
46,71,76
14,14,14
28,40,36
23,23,34
40,57,79
91,10,54
39,46,85
31,17,83
88,88,88
35,78,63
57,81,11
95,39,39
24,90,61
31,53,67
98,98,30
85,85,85
7,33,21
32,96,43
64,55,53
22,64,17
27,52,95
50,13,71
58,58,58
25,61,91
74,55,55
98,98,58
16,73,78
9,86,78
96,100,71
66,66,66
97,96,12
76,51,50
55,84,74
84,63,23
14,20,94
73,101,15
79,79,79
29,83,83
38,42,6
94,97,31
7,62,99
45,54,36
65,66,71
35,35,35
68,20,22
83,38,30
71,38,10
92,92,38
47,47,83
77,14,69
27,27,27
21,73,23
59,100,54
13,7,33
96,90,52
78,21,76
39,52,60
46,46,46
47,47,31
88,90,31
77,82,36
64,32,70
74,86,66
78,24,24
13,13,13
21,75,94
73,34,8
87,37,72
60,15,25
75,75,18
82,100,96
80,80,80
89,35,51
75,51,59
41,21,85
42,42,58
71,64,64
96,20,78
65,65,65
11,75,84
75,75,70
34,43,81
91,72,27
22,94,79
15,59,79
97,97,97
29,25,51
40,48,27
12,82,86
69,92,92
23,74,36
95,95,12
32,32,32
76,32,43
53,39,78
45,67,55
8,29,24
86,46,55
84,58,101
72,72,72
57,89,21
73,20,30
33,33,101
81,84,15
19,48,69
33,95,46
32,32,32
51,55,88
77,99,63
31,97,51
39,36,74
83,95,51
60,7,62
86,86,86
13,15,92
58,42,42
76,40,77
66,77,26
52,70,41
86,84,21
40,40,40
93,57,8
96,74,17
30,67,20
34,34,88
60,49,53
40,71,61
10,10,10
69,13,13
11,46,99
32,48,13
38,19,38
40,53,41
80,57,9
65,65,65
30,30,81
45,59,7
80,57,19
58,82,99
81,84,45
58,69,57
19,19,19
76,97,14
19,91,12
32,26,34
59,10,39
63,63,58
96,21,68
61,61,61
91,51,25
13,25,22
42,26,65
73,71,31
96,89,94
99,72,72
68,68,68
54,14,48
84,84,74
58,35,30
51,12,35
100,70,100
44,31,31
42,42,42
64,73,6
69,41,65
17,89,29
91,52,46
99,91,91
82,82,11
92,92,92
38,48,101
63,45,17
83,42,82
75,93,44
15,84,85
72,100,65
72,72,72
44,11,80
27,70,93
23,23,98
51,88,88
57,7,54
38,17,26
41,41,41
74,9,51
33,85,58
93,72,11
92,21,21
94,57,101
96,68,9
13,13,13
84,40,40
26,20,23
12,53,53
51,19,59
100,25,61
24,90,39
91,91,91
52,91,96
89,95,77
40,60,8
41,41,69
61,78,46
29,32,22
62,62,62
88,41,71
46,49,49
74,33,18
71,61,29
25,85,37
77,50,65
20,20,20
68,68,67
12,93,85
77,60,41
9,45,24
28,88,40
42,69,50
100,100,100
72,53,53
47,35,28
46,98,51
80,39,98
83,83,67
58,49,89
45,45,45
97,80,9
24,101,95
35,22,28
13,79,50
98,79,26
80,25,13
69,69,69
99,96,19
37,37,96
94,17,56
98,62,31
99,8,7
50,56,50
10,10,10
91,52,97
85,69,97
22,96,100
84,92,97
66,6,22
11,11,63
73,73,73
71,35,66
54,31,42
34,31,34
78,11,78
76,76,56
61,43,18
9,9,9
94,57,69
68,95,36
65,65,66
48,13,43
35,77,77
61,41,101
67,67,67
55,16,80
80,34,25
79,26,66
66,64,74
97,41,34
35,24,17
100,100,100
34,29,42
14,7,34
88,93,43
97,91,91
36,87,59
63,68,55
27,27,27
47,77,22
44,37,56
80,53,12
75,75,71
82,81,93
66,23,64
15,15,15
10,18,45
28,65,71
86,61,61
37,33,41
73,53,99
22,26,87
51,51,51
33,33,56
64,52,15
63,96,34
12,14,80
70,17,86
44,7,18
38,38,38
9,55,49
63,79,79
89,44,92
70,100,65
46,46,20
6,40,54
85,85,85
45,28,100
24,75,83
68,92,52
14,76,69
55,46,52
40,50,56
82,82,82
85,6,6
36,36,79
19,93,37
68,69,91
14,10,20
51,54,12
64,64,64
38,66,88
36,44,52
97,54,54
99,57,76
70,16,43
31,31,61
95,95,95
52,32,93
79,46,47
44,39,48
27,53,22
76,75,99
64,77,13
99,99,99
98,75,15
79,25,86
23,23,93
28,64,20
38,72,54
95,89,89
55,55,55
84,90,50
55,96,49
63,58,25
11,89,26
64,81,75
36,26,78
10,10,10
85,86,65
62,59,16
101,81,40
15,73,43
8,21,21
14,38,80
51,51,51
31,79,95
13,72,21
79,80,40
49,49,94
12,85,99
74,20,98
27,27,27
66,24,48
8,75,51
40,101,98
43,71,71
91,10,75
14,67,82
9,9,9
10,10,74
66,19,7
79,26,63
59,17,45
88,96,83
80,74,99
25,25,25
35,31,28
44,41,75
53,38,38
95,46,40
93,93,85
43,98,57
54,54,54
12,64,78
18,37,13
76,16,62
56,23,70
95,70,66
91,35,71
53,53,53
14,54,59
61,61,25
10,19,101
29,55,26
10,50,63
15,87,64
40,40,40
58,35,43
26,36,18
99,53,68
72,11,33
55,33,101
21,21,74
19,19,19
75,25,25
67,6,83
99,72,35
55,89,66
24,26,43
6,78,22
77,77,77
51,20,23
11,38,12
29,29,28
60,14,66
57,28,73
49,46,69
89,89,89
86,7,90
35,22,33
25,10,76
29,22,92
54,33,27
14,59,69
55,55,55
66,92,59
32,98,82
67,9,35
74,73,87
77,84,57
30,14,14
13,13,13
13,28,91
22,58,63
64,64,77
81,81,6
80,71,24
101,100,23
15,15,15
76,65,23
26,32,86
33,13,69
67,87,85
44,58,58
61,35,71
41,41,41
92,92,31
95,98,51
68,68,77
82,17,13
27,94,30
49,81,46
26,26,26
92,54,69
62,45,37
68,23,97
26,46,46
23,23,19
54,12,7
15,15,15
65,79,40
25,22,71
48,89,98
47,29,50
96,99,49
56,33,97
97,97,97
51,46,27
35,35,69
54,8,8
87,6,53
22,23,36
95,18,79
10,10,10
45,11,82
99,91,75
13,98,51
78,61,18
6,85,95
79,79,91
71,71,71
33,12,17
56,19,19
76,53,31
14,6,46
37,13,79
71,71,80
49,49,49
66,8,60
90,87,29
71,71,68
55,84,76
96,101,97
15,64,6
38,38,38
57,23,23
42,25,13
29,17,94
90,15,45
95,97,18
48,65,60
55,55,55
69,57,96
95,55,12
73,9,47
41,14,60
90,27,97
70,82,97
33,33,33
69,71,63
17,54,28
19,25,12
23,23,96
99,51,51
90,10,93
11,11,11
101,34,37
71,94,85
6,57,59
66,91,20
73,94,60
7,24,24
24,24,24
15,15,21
42,83,86
58,52,98
20,13,38
6,62,31
54,65,78
73,73,73
28,93,23
93,67,70
17,20,33
50,21,27
37,37,77
32,42,81
16,16,16
57,40,65
39,7,23
61,63,86
62,30,100
97,53,68
91,25,48
52,52,52
7,66,97
11,11,14
91,15,41
93,33,33
11,61,88
9,19,68
20,20,20
44,29,54
24,91,100
50,12,31
49,43,74
79,13,98
49,49,41
71,71,71
14,78,70
6,31,9
79,11,11
65,20,73
11,99,12
32,101,29
17,17,17
50,39,22
25,71,42
58,58,52
72,25,67
26,69,70
79,38,22
14,14,14
59,60,85
50,75,75
44,10,40
95,63,33
77,6,25
88,6,84
89,89,89
65,24,30
9,7,6
8,89,64
27,92,89
29,25,58
86,96,9
86,86,86
25,35,35
75,71,96
58,44,22
100,100,24
15,68,9
89,93,65
64,64,64
75,67,16
76,66,34
66,27,51
94,86,14
10,58,42
61,67,7
53,53,53
42,42,28
79,66,29
52,41,79
85,29,44
11,96,54
20,49,77
62,62,62
65,21,13
43,24,27
31,59,23
91,72,44
56,56,14
47,70,70
26,26,26
83,50,63
28,26,19
86,40,95
30,87,45
77,32,32
72,86,44
70,70,70
45,74,68
51,51,44
77,19,84
38,83,80
42,49,49
37,80,75
16,16,16
65,73,34
34,47,28
77,92,62
70,29,96
23,10,37
73,73,66
34,34,34
69,95,21
29,64,38
88,56,82
78,89,89
72,78,38
35,70,7
27,27,27
76,64,68
9,37,85
40,40,60
19,70,36
25,46,41
56,71,52
65,65,65
10,91,43
82,62,35
80,21,21
15,40,100
47,62,95
79,67,44
51,51,51
98,28,43
57,82,40
83,39,53
76,23,12
26,26,53
33,73,20
17,17,17
46,93,22
31,25,25
48,87,77
25,25,79
45,80,41
35,6,98
57,57,57
79,34,85
98,88,29
53,34,91
60,49,22
81,72,51
78,73,31
62,62,62
12,12,86
74,79,44
13,82,60
69,6,88
62,37,26
75,27,101
77,77,77
101,85,86
33,75,67
85,10,88
68,101,36
86,86,95
16,36,34
77,77,77
12,77,8
62,67,94
13,53,67
82,6,33
83,47,19
7,22,85
80,80,80
76,22,22
31,31,39
17,37,19
72,57,94
52,76,87
79,12,12
95,95,95
17,60,16
98,12,84
71,85,62
52,17,33
97,90,89
78,78,78
18,18,18
43,50,100
67,6,58
92,51,77
8,17,16
28,57,57
91,89,45
47,47,47
43,55,90
71,90,81
6,6,88
51,16,97
54,67,36
63,51,19
31,31,31
51,68,42
31,6,59
92,33,89
6,81,81
83,85,27
10,48,23
78,78,78
92,46,98
64,86,39
80,57,35
19,29,45
75,30,52
57,100,68
40,40,40
31,78,37
93,22,62
75,23,23
53,53,30
7,60,86
96,13,84
91,91,91
15,9,20
35,47,51
80,55,76
20,28,17
15,65,70
100,95,20
12,12,12
97,97,36
48,49,49
55,71,94
42,13,37
70,93,69
17,93,30
8,8,8
90,58,88
98,41,56
69,76,13
66,16,64
97,97,77
80,7,93
83,83,83
75,29,29
95,66,79
98,30,88
74,44,85
62,39,7
49,24,65
49,49,49
18,50,12
52,52,79
71,94,78
51,94,15
81,87,52
32,24,62
96,96,96
53,15,26
62,14,73
90,35,88
19,62,45
7,11,77
18,18,13
50,50,50
83,39,6
88,91,94
60,97,16
44,19,81
88,9,38
13,35,35
74,74,74
83,38,22
28,35,93
80,80,69
28,14,20
75,10,12
21,16,42
92,92,92
89,48,45
37,65,99
97,15,14
31,93,54
81,43,43
37,44,60
27,27,27
16,69,24
40,36,62
87,20,87
45,28,85
39,77,84
16,36,66
36,36,36
17,93,48
80,17,96
14,27,67
19,19,55
26,67,101
91,67,82
28,28,28
84,42,75
99,70,76
47,34,71
67,22,63
8,34,16
13,86,85
97,97,97
75,75,18
32,77,17
61,75,75
37,21,73
51,84,79
60,55,8
91,91,91
26,66,31
80,25,26
37,34,87
15,78,9
93,93,49
79,26,62
49,49,49
21,94,6
74,13,13
64,25,36
38,50,34
45,95,38
14,88,9
95,95,95
20,9,58
14,14,93
44,70,61
85,44,24
89,62,78
99,63,23
63,63,63
52,96,96
99,91,39
44,17,74
87,61,75
43,28,32
60,60,21
9,9,9
89,57,27
68,47,91
43,97,37
40,95,92
70,81,89
55,29,34
28,28,28
100,92,82
22,50,27
52,52,67
19,57,32
98,68,101
39,23,57
54,54,54
75,30,86
34,19,56
70,22,67
51,12,84
99,79,73
11,13,13
40,40,40
28,7,50
40,50,16
81,12,58
26,42,19
67,60,27
57,73,22
26,26,26
82,21,58
28,73,92
43,66,35
85,85,24
60,83,83
12,27,92
24,24,24
14,83,35
19,7,89
77,33,72
56,42,39
27,56,99
69,86,19
64,64,64
6,6,64
90,12,36
91,101,40
69,27,27
76,39,45
10,59,7
56,56,56
57,58,11
98,37,97
46,12,15
53,73,79
22,22,16
54,77,88
64,64,64
34,92,62
12,8,23
101,29,29
12,31,33
72,46,77
27,29,8
61,61,61
48,60,101
19,19,39
68,99,89
91,50,99
77,24,70
72,16,94
82,82,82
34,67,16
36,81,81
8,68,82
42,79,43
38,13,92
58,58,15
42,42,42
9,34,91
29,57,9
80,75,98
34,6,80
36,18,55
71,32,93
32,32,32
90,61,61
10,78,96
54,54,64
79,9,65
58,60,86
91,74,17
61,61,61
38,79,60
90,85,87
98,63,46
8,85,48
12,52,53
69,49,86
48,48,48
58,97,45
29,10,28
31,49,34
53,99,73
93,58,61
24,86,85
52,52,52
27,90,75
13,50,41
72,61,30
83,83,77
70,76,9
18,65,65
32,32,32
100,11,13
46,64,14
83,70,77
54,63,92
13,66,39
67,39,73
27,27,27
30,30,34
98,44,76
14,22,73
38,19,73
101,81,81
21,84,36
36,36,36
13,57,42
87,71,32
77,31,44
40,87,27
39,39,72
87,13,27
69,69,69
11,67,81
42,45,59
59,78,100
48,91,91
86,16,98
85,77,59
46,46,46
59,78,16
98,98,18
16,18,27
88,78,90
33,28,72
68,47,42
93,93,93
56,52,55
48,37,13
51,99,99
87,50,9
92,81,43
8,8,28
59,59,59
60,45,79
80,54,36
53,97,26
27,98,72
11,47,23
58,56,30
19,19,19
88,69,74
22,91,91
13,13,68
73,62,49
53,10,51
66,34,59
43,43,43
16,90,88
64,22,74
40,38,72
27,56,47
66,94,47
47,12,36
34,34,34
35,16,16
47,7,92
56,14,35
50,69,36
61,11,89
35,32,83
18,18,18
101,49,25
53,62,13
74,73,7
11,11,58
37,51,28
57,85,32
73,73,73
47,81,99
12,56,47
100,59,22
74,58,71
101,94,83
96,13,59
42,42,42
40,40,79
31,86,31
33,42,95
71,96,101
6,15,61
14,74,74
78,78,78
40,7,14
51,12,50
30,32,76
71,91,71
27,27,11
19,79,66
100,100,100
78,72,20
54,58,35
16,65,55
100,17,90
38,72,72
70,79,77
72,72,72
23,49,80
63,63,49
59,68,36
82,27,11
54,14,31
71,75,96
54,54,54
80,60,39
55,90,70
57,81,82
96,60,60
84,88,16
92,92,50
76,76,76
20,70,18
10,89,51
58,63,87
54,70,21
97,101,22
46,81,8
65,65,65
54,15,100
21,27,49
78,78,27
72,91,42
90,54,11
44,10,54
94,94,94
40,35,62
44,31,74
56,73,70
45,25,31
96,24,41
62,17,15
69,69,69
77,78,30
27,62,62
41,9,79
83,101,54
89,27,72
73,34,57
9,9,9
35,61,23
41,47,57
69,27,40
11,11,101
29,60,35
54,87,25
56,56,56
25,78,78
53,59,72
90,64,68
8,50,81
13,67,48
54,15,89
77,77,77
17,17,54
59,44,11
12,96,75
25,35,82
96,55,23
58,78,31
86,86,86
95,21,65
72,42,96
96,91,78
41,84,58
20,20,88
18,6,35
25,25,25
55,55,19
31,22,97
32,85,45
85,29,73
73,26,26
19,12,12
92,92,92
23,88,97
23,23,100
9,66,38
80,8,18
71,80,33
93,79,46
93,93,93
28,76,46
99,56,93
74,42,88
90,68,44
10,6,6
12,12,95
92,92,92
44,40,101
44,77,55
19,94,57
57,27,68
57,51,19
74,49,68
83,83,83
9,52,38
37,77,49
56,56,65
21,99,99
64,60,41
6,34,79
45,45,45
41,13,13
63,54,30
46,9,91
35,82,37
11,79,93
101,40,31
26,26,26
41,60,101
66,63,97
41,87,87
100,91,10
28,8,91
75,87,29
95,95,95
11,80,45
23,82,81
72,57,12
15,15,51
71,68,14
30,8,59
59,59,59
25,13,62
71,79,79
26,63,52
75,40,71
90,86,28
37,95,27
78,78,78
60,60,80
90,79,15
65,12,39
43,38,36
18,92,49
59,73,61
18,18,18
67,53,53
6,22,22
45,45,63
14,30,10
89,89,24
25,63,86
9,9,9
94,67,30
19,41,65
85,82,27
46,46,94
64,77,64
53,20,76
90,90,90
100,96,38
98,98,79
94,74,63
73,95,77
97,8,93
99,29,92
35,35,35
79,21,38
91,30,66
59,82,8
94,91,21
101,99,36
55,55,43
26,26,26
29,57,17
41,66,58
16,32,31
48,91,12
75,56,99
96,88,72
15,15,15
44,86,85
83,52,49
48,48,13
63,20,81
16,40,40
86,6,75
63,63,63
28,94,67
26,99,12
86,51,19
73,23,81
57,7,97
65,88,35
38,38,38
6,24,17
59,51,97
85,60,39
51,59,59
55,44,73
60,93,51
100,100,100
81,63,11
30,78,40
72,33,85
60,60,91
74,25,26
62,74,40
60,60,60
79,41,89
54,6,55
57,101,101
26,32,54
24,64,76
57,17,8
70,70,70
55,55,21
7,33,24
6,85,19
53,94,37
22,67,63
72,14,91
74,74,74
35,98,90
53,74,74
80,37,71
76,28,24
74,74,8
23,85,14
96,96,96
30,70,15
35,11,81
19,75,66
30,23,7
64,19,55
49,21,50
12,12,12
29,42,42
11,11,10
20,89,71
24,99,21
26,25,48
30,62,77
9,9,9
13,54,85
18,79,45
9,62,88
26,21,16
88,6,35
37,37,24
69,69,69
62,96,84
30,13,79
32,82,48
76,23,84
17,70,26
83,9,12
98,98,98
69,101,6
89,53,84
89,89,32
42,89,63
86,72,84
55,11,11
89,89,89
18,16,74
56,67,63
95,32,21
76,49,53
85,97,81
14,61,98
81,81,81
10,96,73
36,70,65
60,8,90
88,64,32
11,15,15
50,23,50
24,24,24
11,40,11
9,46,94
50,25,86
67,67,18
16,96,49
85,20,51
16,16,16
68,23,99
67,35,59
20,97,21
26,27,27
22,55,22
59,51,35
25,25,25
82,82,59
55,23,67
101,7,77
52,52,12
74,58,42
45,15,17
84,84,84
62,22,20
28,76,77
8,49,49
58,78,55
44,44,54
46,37,33
81,81,81
43,41,79
41,89,69
67,49,97
28,74,90
43,60,13
84,81,24
49,49,49
29,79,41
36,36,6
26,65,16
55,82,36
69,75,26
78,12,101
66,66,66
38,36,20
26,37,63
73,45,32
73,45,98
77,67,76
97,97,24
37,37,37
93,45,45
74,31,59
24,18,47
90,64,11
55,53,29
26,63,70
75,75,75
79,12,58
93,79,79
47,47,99
83,44,99
66,83,90
69,82,55
87,87,87
19,38,81
67,82,82
81,37,76
11,65,39
26,77,29
28,38,68
88,88,88
46,52,46
44,9,15
96,39,11
45,90,59
45,78,88
12,72,72
37,37,37
24,84,44
26,101,52
24,50,89
98,98,85
16,33,91
48,19,74
10,10,10
80,92,46
36,91,25
29,14,61
76,13,83
26,74,74
81,89,43
60,60,60
35,35,91
21,78,86
82,76,44
85,64,65
12,13,84
60,98,73
52,52,52
87,63,75
52,32,7
46,15,45
10,8,8
29,29,71
87,9,38
24,24,24
70,92,68
26,62,78
46,51,61
91,76,85
37,51,21
93,45,49
98,98,98
90,43,68
9,9,56
44,49,49
70,23,96
15,44,8
24,37,41
24,24,24
47,68,81
87,48,100
54,48,13
57,58,53
10,31,12
100,100,67
19,19,19
48,40,59
90,34,34
68,92,93
15,27,89
76,76,9
87,18,12
57,57,57
40,68,37
92,77,20
91,91,11
85,45,38
86,73,92
19,79,79
79,79,79
91,63,63
21,46,55
41,91,26
91,39,100
90,42,77
81,69,57
65,65,65
82,95,12
58,50,61
83,93,30
26,86,78
90,8,79
43,11,45
74,74,74
9,26,17
91,13,55
23,69,93
37,37,42
44,79,45
41,42,46
29,29,29
21,88,76
80,36,63
94,86,45
33,37,48
67,77,71
76,84,84
72,72,72
70,70,30
71,77,11
25,75,11
65,16,51
32,52,28
25,101,48
9,9,9
23,91,74
47,56,92
57,38,101
94,39,32
37,37,24
26,40,101
95,95,95
12,70,81
37,11,13
50,50,64
40,38,11
48,11,42
83,31,48
9,9,9
94,23,6
34,34,79
31,19,50
51,86,86
84,92,24
17,21,49
74,74,74
21,7,19
99,77,94
27,49,97
81,89,11
99,28,13
21,21,81
89,89,89
53,24,42
43,68,26
80,98,98
52,16,16
86,87,28
93,9,47
7,7,7
33,77,51
41,64,22
35,35,74
98,19,86
37,6,47
54,13,41
75,75,75
92,46,11
55,45,45
91,27,77
73,8,88
77,77,85
56,10,38
31,31,31
12,84,21
48,91,41
92,24,101
49,29,39
15,33,90
65,91,23
36,36,36
83,8,8
6,69,93
82,95,55
52,52,59
8,64,55
13,48,68
42,42,42
12,29,97
101,6,100
91,75,100
14,90,32
57,74,50
76,98,100
45,45,45
26,26,19
45,86,49
91,85,24
59,29,71
70,100,30
57,97,23
58,58,58
74,11,100
28,93,20
67,26,48
70,17,13
88,88,41
80,65,65
29,29,29
25,81,52
60,21,41
10,63,33
92,53,11
20,60,6
91,41,80
82,82,82
71,47,17
13,13,37
44,75,18
15,87,33
70,10,10
21,60,71
51,51,51
87,49,75
19,14,26
27,80,31
54,79,21
18,32,47
15,15,93
66,66,66
70,79,52
70,83,98
72,9,32
66,18,18
76,33,88
21,22,91
57,57,57
67,50,73
42,23,34
79,79,27
88,97,26
63,14,49
26,27,101
53,53,53
91,6,47
49,15,50
9,16,16
44,42,29
51,98,64
78,26,81
34,34,34
29,31,21
10,80,23
36,74,22
97,60,52
54,65,16
61,8,52
25,25,25
24,100,32
48,90,90
92,92,78
80,80,89
30,73,9
48,8,17
26,26,26
15,93,7
91,89,86
83,17,35
78,47,68
45,41,22
12,83,98
100,100,100
63,63,16
88,20,85
17,79,74
33,75,34
37,32,41
8,29,65
27,27,27
41,67,6
11,49,11
38,66,10
80,26,68
13,13,41
84,95,25
96,96,96
74,9,85
78,16,66
78,21,10
11,35,49
70,96,94
25,96,7
91,91,91
80,77,44
62,62,83
31,76,18
44,76,85
82,101,33
66,97,97
25,25,25
72,14,82
31,53,55
59,43,100
99,30,91
25,45,33
8,8,88
76,76,76
47,81,77
35,48,29
10,34,39
20,11,50
86,31,31
11,60,92
6,6,6
55,39,16
12,93,90
45,45,46
92,47,23
75,61,59
10,66,55
48,48,48
92,44,56
44,52,54
16,60,8
13,49,49
19,20,28
17,13,83
15,15,15
49,47,44
98,41,25
73,84,27
33,60,55
10,6,97
26,12,86
12,12,12
48,63,18
82,23,77
64,10,10
29,29,49
8,82,7
81,40,46
20,20,20
41,61,40
88,15,48
51,7,12
20,76,53
27,91,42
88,59,21
44,44,44
58,58,54
83,84,84
64,24,22
60,101,14
71,39,50
67,85,25
47,47,47
54,55,37
82,37,23
89,56,22
42,98,61
28,28,95
68,26,13
72,72,72
78,78,78
76,85,31
76,87,90
70,72,49
8,57,41
90,64,20
8,8,8
17,52,39
84,84,77
7,43,17
101,49,50
100,81,27
55,31,83
46,46,46
37,18,48
84,12,8
86,62,66
54,100,43
84,67,63
80,80,54
27,27,27
56,54,54
20,92,11
43,60,30
66,35,17
77,25,58
10,33,33
50,50,50
30,76,95
97,67,63
88,88,32
74,70,63
53,42,90
30,84,93
78,78,78
61,73,79
66,40,36
18,55,45
18,62,11
80,12,12
34,26,22
40,40,40
61,64,36
87,66,13
85,101,83
9,93,80
56,92,62
73,49,75
94,94,94
14,38,94
9,95,32
60,58,99
83,83,49
50,57,85
56,88,86
56,56,56
44,47,91
73,33,31
10,49,55
96,52,28
73,41,27
101,72,18
13,13,13
57,57,71
83,15,40
99,74,74
65,97,37
96,8,94
89,19,75
73,73,73
7,92,12
76,73,24
63,54,36
12,71,17
52,52,84
47,54,53
9,9,9
65,28,53
70,76,76
9,66,92
80,41,65
100,27,40
30,80,43
18,18,18
101,69,62
26,26,10
101,40,57
12,42,87
91,10,77
24,56,9
24,24,24
14,20,20
38,22,59
77,92,91
75,38,16
61,91,53
45,45,57
35,35,35
78,87,42
49,38,74
16,37,49
90,15,41
71,24,27
51,77,65
57,57,57
84,53,82
6,61,34
9,9,12
62,85,22
10,48,20
97,71,13
64,64,64
89,11,96
27,81,8
23,101,99
41,100,81
40,14,52
101,20,20
45,45,45
7,41,97
46,12,93
82,68,32
6,40,51
47,79,96
68,89,48
91,91,91
74,7,92
66,35,18
46,76,93
80,80,89
58,32,32
35,77,41
66,66,66
29,75,41
11,97,12
43,43,54
22,45,65
98,72,30
77,48,18
66,66,66
86,86,29
15,65,17
24,74,25
42,27,27
54,46,70
82,64,13
65,65,65
98,101,87
32,18,20
37,18,92
43,77,15
36,36,13
21,20,79
67,67,67
47,83,45
101,39,73
86,44,44
30,7,82
27,85,20
46,61,44
89,89,89
81,43,82
23,23,87
41,97,37
27,27,19
65,68,22
92,101,23
42,42,42
87,70,59
12,68,68
83,78,78
30,75,50
16,83,15
53,53,10
55,55,55
90,23,26
60,69,38
92,51,40
96,11,98
63,79,37
20,64,42
52,52,52
31,50,50
90,41,18
18,18,47
